[{"documentName": "Abilify Discmelt_2884.png", "document": "A 641 15 Pill - yellow round, 8mm\nGeneric Name: aripiprazole\nPill with imprint A 641 15 is Yellow, Round and has been identified as Abilify Discmelt 15 mg. It is\nsupplied by Bristol-Myers Squibb.\nAbilify Discmelt is used in the treatment of Bipolar Disorder: Autism; Agitated State: Depression:\nSchizophrenia and belongs to the drug class atypical antipsychotics. Risk cannot be ruled out during\npregnancy. Abilify Discmelt 15 mg is not a controlled substance under the Controlled Substances Act\n(CSA).\nImages for A 641 15\nA\n64\n15\n", "form": [{"box": [18, 12, 102, 28], "text": "A 641 15", "label": "IMPRINT", "words": [{"box": [18, 12, 34, 28], "text": "A"}, {"box": [39, 12, 70, 28], "text": "641"}, {"box": [79, 12, 102, 28], "text": "15"}], "linking": [[0, 12, "IMPRINT"]], "id": 0}, {"box": [108, 12, 137, 28], "text": "Pill", "label": "PILL", "words": [{"box": [108, 12, 137, 28], "text": "Pill"}], "linking": [[1, 9, "PILL"]], "id": 1}, {"box": [144, 21, 150, 24], "text": "-", "label": "OTHER", "words": [{"box": [144, 21, 150, 24], "text": "-"}], "linking": [], "id": 2}, {"box": [155, 12, 219, 33], "text": "yellow", "label": "COLOR", "words": [{"box": [155, 12, 219, 33], "text": "yellow"}], "linking": [[3, 14, "COLOR"]], "id": 3}, {"box": [224, 12, 288, 32], "text": "round,", "label": "SHAPE", "words": [{"box": [224, 12, 288, 32], "text": "round,"}], "linking": [[4, 15, "SHAPE"]], "id": 4}, {"box": [294, 12, 341, 28], "text": "8mm", "label": "SIZE", "words": [{"box": [294, 12, 341, 28], "text": "8mm"}], "linking": [], "id": 5}, {"box": [19, 44, 56, 52], "text": "Generic", "label": "OTHER", "words": [{"box": [19, 44, 56, 52], "text": "Generic"}], "linking": [], "id": 6}, {"box": [59, 44, 89, 52], "text": "Name:", "label": "OTHER", "words": [{"box": [59, 44, 89, 52], "text": "Name:"}], "linking": [], "id": 7}, {"box": [92, 44, 144, 54], "text": "aripiprazole", "label": "GENERICNAME", "words": [{"box": [92, 44, 144, 54], "text": "aripiprazole"}], "linking": [], "id": 8}, {"box": [19, 69, 34, 78], "text": "Pill", "label": "PILL", "words": [{"box": [19, 69, 34, 78], "text": "Pill"}], "linking": [[1, 9, "PILL"]], "id": 9}, {"box": [37, 69, 57, 78], "text": "with", "label": "OTHER", "words": [{"box": [37, 69, 57, 78], "text": "with"}], "linking": [], "id": 10}, {"box": [61, 69, 95, 80], "text": "imprint", "label": "OTHER", "words": [{"box": [61, 69, 95, 80], "text": "imprint"}], "linking": [], "id": 11}, {"box": [98, 69, 145, 79], "text": "A 641 15", "label": "IMPRINT", "words": [{"box": [98, 69, 107, 78], "text": "A"}, {"box": [109, 69, 127, 78], "text": "641"}, {"box": [132, 69, 145, 79], "text": "15"}], "linking": [[0, 12, "IMPRINT"]], "id": 12}, {"box": [147, 69, 156, 78], "text": "is", "label": "OTHER", "words": [{"box": [147, 69, 156, 78], "text": "is"}], "linking": [], "id": 13}, {"box": [158, 69, 194, 80], "text": "Yellow,", "label": "COLOR", "words": [{"box": [158, 69, 194, 80], "text": "Yellow,"}], "linking": [[3, 14, "COLOR"]], "id": 14}, {"box": [197, 69, 231, 78], "text": "Round", "label": "SHAPE", "words": [{"box": [197, 69, 231, 78], "text": "Round"}], "linking": [[4, 15, "SHAPE"]], "id": 15}, {"box": [234, 69, 253, 78], "text": "and", "label": "OTHER", "words": [{"box": [234, 69, 253, 78], "text": "and"}], "linking": [], "id": 16}, {"box": [256, 69, 274, 78], "text": "has", "label": "OTHER", "words": [{"box": [256, 69, 274, 78], "text": "has"}], "linking": [], "id": 17}, {"box": [277, 69, 303, 78], "text": "been", "label": "OTHER", "words": [{"box": [277, 69, 303, 78], "text": "been"}], "linking": [], "id": 18}, {"box": [306, 69, 352, 78], "text": "identified", "label": "OTHER", "words": [{"box": [306, 69, 352, 78], "text": "identified"}], "linking": [], "id": 19}, {"box": [355, 71, 367, 78], "text": "as", "label": "OTHER", "words": [{"box": [355, 71, 367, 78], "text": "as"}], "linking": [], "id": 20}, {"box": [370, 69, 448, 81], "text": "Abilify Discmelt", "label": "DRUGNAME", "words": [{"box": [370, 69, 400, 81], "text": "Abilify"}, {"box": [404, 69, 448, 78], "text": "Discmelt"}], "linking": [[21, 28, "DRUGNAME"]], "id": 21}, {"box": [451, 69, 485, 81], "text": "15 mg.", "label": "STRENGTH", "words": [{"box": [451, 69, 463, 78], "text": "15"}, {"box": [466, 71, 485, 81], "text": "mg."}], "linking": [[49, 22, "STRENGTH"]], "id": 22}, {"box": [489, 69, 495, 78], "text": "It", "label": "OTHER", "words": [{"box": [489, 69, 495, 78], "text": "It"}], "linking": [], "id": 23}, {"box": [498, 69, 506, 78], "text": "is", "label": "OTHER", "words": [{"box": [498, 69, 506, 78], "text": "is"}], "linking": [], "id": 24}, {"box": [19, 87, 61, 99], "text": "supplied", "label": "OTHER", "words": [{"box": [19, 87, 61, 99], "text": "supplied"}], "linking": [], "id": 25}, {"box": [64, 87, 77, 99], "text": "by", "label": "OTHER", "words": [{"box": [64, 87, 77, 99], "text": "by"}], "linking": [], "id": 26}, {"box": [80, 87, 188, 99], "text": "Bristol-Myers Squibb.", "label": "SUPPLIER", "words": [{"box": [80, 87, 146, 99], "text": "Bristol-Myers"}, {"box": [150, 87, 188, 98], "text": "Squibb."}], "linking": [], "id": 27}, {"box": [18, 117, 97, 129], "text": "Abilify Discmelt", "label": "DRUGNAME", "words": [{"box": [18, 117, 49, 129], "text": "Abilify"}, {"box": [53, 117, 97, 126], "text": "Discmelt"}], "linking": [[21, 28, "DRUGNAME"]], "id": 28}, {"box": [99, 117, 108, 126], "text": "is", "label": "OTHER", "words": [{"box": [99, 117, 108, 126], "text": "is"}], "linking": [], "id": 29}, {"box": [111, 117, 136, 126], "text": "used", "label": "OTHER", "words": [{"box": [111, 117, 136, 126], "text": "used"}], "linking": [], "id": 30}, {"box": [139, 117, 148, 126], "text": "in", "label": "OTHER", "words": [{"box": [139, 117, 148, 126], "text": "in"}], "linking": [], "id": 31}, {"box": [151, 117, 167, 126], "text": "the", "label": "OTHER", "words": [{"box": [151, 117, 167, 126], "text": "the"}], "linking": [], "id": 32}, {"box": [169, 117, 219, 126], "text": "treatment", "label": "OTHER", "words": [{"box": [169, 117, 219, 126], "text": "treatment"}], "linking": [], "id": 33}, {"box": [221, 117, 232, 126], "text": "of", "label": "OTHER", "words": [{"box": [221, 117, 232, 126], "text": "of"}], "linking": [], "id": 34}, {"box": [234, 117, 319, 129], "text": "Bipolar Disorder:", "label": "TREATMENTS", "words": [{"box": [234, 117, 270, 129], "text": "Bipolar"}, {"box": [273, 117, 319, 127], "text": "Disorder:"}], "linking": [], "id": 35}, {"box": [321, 117, 360, 128], "text": "Autism;", "label": "TREATMENTS", "words": [{"box": [321, 117, 360, 128], "text": "Autism;"}], "linking": [], "id": 36}, {"box": [362, 117, 437, 129], "text": "Agitated State:", "label": "TREATMENTS", "words": [{"box": [362, 117, 404, 129], "text": "Agitated"}, {"box": [408, 117, 437, 128], "text": "State:"}], "linking": [], "id": 37}, {"box": [441, 117, 501, 129], "text": "Depression:", "label": "TREATMENTS", "words": [{"box": [441, 117, 501, 129], "text": "Depression:"}], "linking": [], "id": 38}, {"box": [19, 136, 91, 148], "text": "Schizophrenia", "label": "TREATMENTS", "words": [{"box": [19, 136, 91, 148], "text": "Schizophrenia"}], "linking": [], "id": 39}, {"box": [94, 136, 113, 145], "text": "and", "label": "OTHER", "words": [{"box": [94, 136, 113, 145], "text": "and"}], "linking": [], "id": 40}, {"box": [117, 136, 157, 148], "text": "belongs", "label": "OTHER", "words": [{"box": [117, 136, 157, 148], "text": "belongs"}], "linking": [], "id": 41}, {"box": [159, 137, 170, 145], "text": "to", "label": "OTHER", "words": [{"box": [159, 137, 170, 145], "text": "to"}], "linking": [], "id": 42}, {"box": [172, 136, 189, 145], "text": "the", "label": "OTHER", "words": [{"box": [172, 136, 189, 145], "text": "the"}], "linking": [], "id": 43}, {"box": [191, 136, 215, 148], "text": "drug", "label": "OTHER", "words": [{"box": [191, 136, 215, 148], "text": "drug"}], "linking": [], "id": 44}, {"box": [217, 136, 244, 145], "text": "class", "label": "OTHER", "words": [{"box": [217, 136, 244, 145], "text": "class"}], "linking": [], "id": 45}, {"box": [247, 136, 364, 148], "text": "atypical antipsychotics.", "label": "DRUGCLASS", "words": [{"box": [247, 136, 286, 148], "text": "atypical"}, {"box": [289, 136, 364, 148], "text": "antipsychotics."}], "linking": [], "id": 46}, {"box": [19, 136, 525, 166], "text": "Risk cannot be ruled out during\npregnancy.", "label": "PREGNANCYCONTROL", "words": [{"box": [367, 136, 389, 145], "text": "Risk"}, {"box": [392, 136, 427, 145], "text": "cannot"}, {"box": [430, 136, 443, 145], "text": "be"}, {"box": [446, 136, 471, 145], "text": "ruled"}, {"box": [474, 137, 491, 145], "text": "out"}, {"box": [494, 136, 525, 148], "text": "during"}, {"box": [19, 156, 74, 166], "text": "pregnancy."}], "linking": [], "id": 47}, {"box": [77, 154, 155, 166], "text": "Abilify Discmelt", "label": "DRUGNAME", "words": [{"box": [77, 154, 108, 166], "text": "Abilify"}, {"box": [111, 154, 155, 164], "text": "Discmelt"}], "linking": [], "id": 48}, {"box": [159, 154, 189, 166], "text": "15 mg", "label": "STRENGTH", "words": [{"box": [159, 154, 171, 163], "text": "15"}, {"box": [173, 156, 189, 166], "text": "mg"}], "linking": [[49, 22, "STRENGTH"]], "id": 49}, {"box": [192, 154, 201, 163], "text": "is", "label": "OTHER", "words": [{"box": [192, 154, 201, 163], "text": "is"}], "linking": [], "id": 50}, {"box": [204, 154, 220, 163], "text": "not", "label": "OTHER", "words": [{"box": [204, 154, 220, 163], "text": "not"}], "linking": [], "id": 51}, {"box": [223, 156, 229, 163], "text": "a", "label": "OTHER", "words": [{"box": [223, 156, 229, 163], "text": "a"}], "linking": [], "id": 52}, {"box": [19, 154, 527, 184], "text": "controlled substance under the Controlled Substances Act\n(CSA).", "label": "CSA", "words": [{"box": [232, 154, 282, 163], "text": "controlled"}, {"box": [285, 154, 337, 163], "text": "substance"}, {"box": [340, 154, 370, 163], "text": "under"}, {"box": [372, 154, 389, 163], "text": "the"}, {"box": [392, 154, 444, 163], "text": "Controlled"}, {"box": [447, 154, 507, 163], "text": "Substances"}, {"box": [509, 154, 527, 163], "text": "Act"}, {"box": [19, 172, 52, 184], "text": "(CSA)."}], "linking": [], "id": 53}, {"box": [19, 201, 70, 216], "text": "Images", "label": "OTHER", "words": [{"box": [19, 201, 70, 216], "text": "Images"}], "linking": [], "id": 54}, {"box": [74, 201, 95, 213], "text": "for", "label": "OTHER", "words": [{"box": [74, 201, 95, 213], "text": "for"}], "linking": [], "id": 55}, {"box": [97, 201, 158, 213], "text": "A 641 15", "label": "IMPRINT", "words": [{"box": [97, 201, 109, 213], "text": "A"}, {"box": [112, 201, 136, 213], "text": "641"}, {"box": [142, 201, 158, 213], "text": "15"}], "linking": [[56, 57, "IMPRINT"]], "id": 56}, {"box": [32, 261, 118, 292], "text": "A\n64\n15", "label": "IMPRINT", "words": [{"box": [40, 261, 52, 276], "text": "A"}, {"box": [32, 279, 57, 292], "text": "64"}, {"box": [92, 267, 118, 289], "text": "15"}], "linking": [[56, 57, "IMPRINT"]], "id": 57}]}]