[{"documentName": "Abiraterone Acetate_2907.png", "document": "A 500 Pill - purple oval\nPill with imprint A 500 is Purple, Oval and has been identified as Abiraterone Acetate 500 mg. It is\nsupplied by Novugen Pharma (USA) LLC.\nAbiraterone is used in the treatment of Prostate Cancer and belongs to the drug class miscellaneous\nantineoplastics. Not for use in pregnancy. Abiraterone 500 mg is not a controlled substance under the\nControlled Substances Act (CSA).\nImages for A 500\nNo Image Available\n", "form": [{"box": [15, 12, 70, 29], "text": "A 500", "label": "IMPRINT", "words": [{"box": [15, 12, 31, 28], "text": "A"}, {"box": [36, 12, 70, 29], "text": "500"}], "linking": [[0, 8, "IMPRINT"]], "id": 0}, {"box": [76, 12, 106, 29], "text": "Pill", "label": "PILL", "words": [{"box": [76, 12, 106, 29], "text": "Pill"}], "linking": [[1, 5, "PILL"]], "id": 1}, {"box": [112, 20, 119, 25], "text": "-", "label": "OTHER", "words": [{"box": [112, 20, 119, 25], "text": "-"}], "linking": [], "id": 2}, {"box": [124, 12, 187, 33], "text": "purple", "label": "COLOR", "words": [{"box": [124, 12, 187, 33], "text": "purple"}], "linking": [[10, 3, "COLOR"]], "id": 3}, {"box": [192, 12, 233, 29], "text": "oval", "label": "SHAPE", "words": [{"box": [192, 12, 233, 29], "text": "oval"}], "linking": [[11, 4, "SHAPE"]], "id": 4}, {"box": [15, 44, 31, 54], "text": "Pill", "label": "PILL", "words": [{"box": [15, 44, 31, 54], "text": "Pill"}], "linking": [[1, 5, "PILL"]], "id": 5}, {"box": [33, 45, 55, 54], "text": "with", "label": "OTHER", "words": [{"box": [33, 45, 55, 54], "text": "with"}], "linking": [], "id": 6}, {"box": [57, 45, 93, 57], "text": "imprint", "label": "OTHER", "words": [{"box": [57, 45, 93, 57], "text": "imprint"}], "linking": [], "id": 7}, {"box": [95, 45, 125, 55], "text": "A 500", "label": "IMPRINT", "words": [{"box": [95, 45, 104, 55], "text": "A"}, {"box": [106, 45, 125, 55], "text": "500"}], "linking": [[0, 8, "IMPRINT"]], "id": 8}, {"box": [128, 45, 137, 55], "text": "is", "label": "OTHER", "words": [{"box": [128, 45, 137, 55], "text": "is"}], "linking": [], "id": 9}, {"box": [140, 45, 176, 57], "text": "Purple,", "label": "COLOR", "words": [{"box": [140, 45, 176, 57], "text": "Purple,"}], "linking": [[10, 3, "COLOR"]], "id": 10}, {"box": [179, 45, 203, 55], "text": "Oval", "label": "SHAPE", "words": [{"box": [179, 45, 203, 55], "text": "Oval"}], "linking": [[11, 4, "SHAPE"]], "id": 11}, {"box": [206, 45, 225, 55], "text": "and", "label": "OTHER", "words": [{"box": [206, 45, 225, 55], "text": "and"}], "linking": [], "id": 12}, {"box": [228, 45, 247, 55], "text": "has", "label": "OTHER", "words": [{"box": [228, 45, 247, 55], "text": "has"}], "linking": [], "id": 13}, {"box": [249, 45, 275, 55], "text": "been", "label": "OTHER", "words": [{"box": [249, 45, 275, 55], "text": "been"}], "linking": [], "id": 14}, {"box": [278, 44, 324, 55], "text": "identified", "label": "OTHER", "words": [{"box": [278, 44, 324, 55], "text": "identified"}], "linking": [], "id": 15}, {"box": [327, 47, 339, 55], "text": "as", "label": "OTHER", "words": [{"box": [327, 47, 339, 55], "text": "as"}], "linking": [], "id": 16}, {"box": [341, 45, 442, 55], "text": "Abiraterone Acetate", "label": "DRUGNAME", "words": [{"box": [341, 45, 401, 55], "text": "Abiraterone"}, {"box": [403, 45, 442, 55], "text": "Acetate"}], "linking": [], "id": 17}, {"box": [445, 45, 486, 57], "text": "500 mg.", "label": "STRENGTH", "words": [{"box": [445, 45, 465, 55], "text": "500"}, {"box": [468, 47, 486, 57], "text": "mg."}], "linking": [[18, 41, "STRENGTH"]], "id": 18}, {"box": [490, 45, 497, 54], "text": "It", "label": "OTHER", "words": [{"box": [490, 45, 497, 54], "text": "It"}], "linking": [], "id": 19}, {"box": [499, 45, 508, 55], "text": "is", "label": "OTHER", "words": [{"box": [499, 45, 508, 55], "text": "is"}], "linking": [], "id": 20}, {"box": [16, 62, 58, 74], "text": "supplied", "label": "OTHER", "words": [{"box": [16, 62, 58, 74], "text": "supplied"}], "linking": [], "id": 21}, {"box": [61, 61, 74, 74], "text": "by", "label": "OTHER", "words": [{"box": [61, 61, 74, 74], "text": "by"}], "linking": [], "id": 22}, {"box": [77, 61, 226, 74], "text": "Novugen Pharma (USA) LLC.", "label": "SUPPLIER", "words": [{"box": [77, 62, 122, 74], "text": "Novugen"}, {"box": [126, 61, 166, 72], "text": "Pharma"}, {"box": [169, 62, 200, 74], "text": "(USA)"}, {"box": [203, 62, 226, 72], "text": "LLC."}], "linking": [], "id": 23}, {"box": [15, 92, 75, 102], "text": "Abiraterone", "label": "DRUGNAME", "words": [{"box": [15, 92, 75, 102], "text": "Abiraterone"}], "linking": [[24, 40, "DRUGNAME"]], "id": 24}, {"box": [78, 93, 86, 103], "text": "is", "label": "OTHER", "words": [{"box": [78, 93, 86, 103], "text": "is"}], "linking": [], "id": 25}, {"box": [89, 93, 114, 103], "text": "used", "label": "OTHER", "words": [{"box": [89, 93, 114, 103], "text": "used"}], "linking": [], "id": 26}, {"box": [117, 93, 127, 102], "text": "in", "label": "OTHER", "words": [{"box": [117, 93, 127, 102], "text": "in"}], "linking": [], "id": 27}, {"box": [129, 93, 146, 103], "text": "the", "label": "OTHER", "words": [{"box": [129, 93, 146, 103], "text": "the"}], "linking": [], "id": 28}, {"box": [148, 93, 197, 103], "text": "treatment", "label": "OTHER", "words": [{"box": [148, 93, 197, 103], "text": "treatment"}], "linking": [], "id": 29}, {"box": [199, 92, 210, 102], "text": "of", "label": "OTHER", "words": [{"box": [199, 92, 210, 102], "text": "of"}], "linking": [], "id": 30}, {"box": [213, 92, 296, 103], "text": "Prostate Cancer", "label": "TREATMENTS", "words": [{"box": [213, 92, 256, 103], "text": "Prostate"}, {"box": [258, 92, 296, 103], "text": "Cancer"}], "linking": [], "id": 31}, {"box": [298, 93, 318, 103], "text": "and", "label": "OTHER", "words": [{"box": [298, 93, 318, 103], "text": "and"}], "linking": [], "id": 32}, {"box": [321, 93, 361, 105], "text": "belongs", "label": "OTHER", "words": [{"box": [321, 93, 361, 105], "text": "belongs"}], "linking": [], "id": 33}, {"box": [363, 93, 374, 103], "text": "to", "label": "OTHER", "words": [{"box": [363, 93, 374, 103], "text": "to"}], "linking": [], "id": 34}, {"box": [376, 93, 392, 102], "text": "the", "label": "OTHER", "words": [{"box": [376, 93, 392, 102], "text": "the"}], "linking": [], "id": 35}, {"box": [395, 92, 419, 105], "text": "drug", "label": "OTHER", "words": [{"box": [395, 92, 419, 105], "text": "drug"}], "linking": [], "id": 36}, {"box": [422, 93, 448, 103], "text": "class", "label": "OTHER", "words": [{"box": [422, 93, 448, 103], "text": "class"}], "linking": [], "id": 37}, {"box": [16, 93, 524, 123], "text": "miscellaneous\nantineoplastics.", "label": "DRUGCLASS", "words": [{"box": [451, 93, 524, 103], "text": "miscellaneous"}, {"box": [16, 111, 94, 123], "text": "antineoplastics."}], "linking": [], "id": 38}, {"box": [98, 110, 224, 123], "text": "Not for use in pregnancy.", "label": "PREGNANCYCONTROL", "words": [{"box": [98, 111, 116, 120], "text": "Not"}, {"box": [118, 110, 133, 120], "text": "for"}, {"box": [135, 113, 154, 121], "text": "use"}, {"box": [156, 110, 166, 120], "text": "in"}, {"box": [169, 112, 224, 123], "text": "pregnancy."}], "linking": [], "id": 39}, {"box": [227, 111, 286, 121], "text": "Abiraterone", "label": "DRUGNAME", "words": [{"box": [227, 111, 286, 121], "text": "Abiraterone"}], "linking": [[24, 40, "DRUGNAME"]], "id": 40}, {"box": [289, 111, 328, 123], "text": "500 mg", "label": "STRENGTH", "words": [{"box": [289, 111, 309, 121], "text": "500"}, {"box": [312, 113, 328, 123], "text": "mg"}], "linking": [[18, 41, "STRENGTH"]], "id": 41}, {"box": [331, 111, 339, 121], "text": "is", "label": "OTHER", "words": [{"box": [331, 111, 339, 121], "text": "is"}], "linking": [], "id": 42}, {"box": [342, 111, 358, 121], "text": "not", "label": "OTHER", "words": [{"box": [342, 111, 358, 121], "text": "not"}], "linking": [], "id": 43}, {"box": [361, 113, 368, 121], "text": "a", "label": "OTHER", "words": [{"box": [361, 113, 368, 121], "text": "a"}], "linking": [], "id": 44}, {"box": [16, 111, 527, 141], "text": "controlled substance under the\nControlled Substances Act (CSA).", "label": "CSA", "words": [{"box": [371, 111, 420, 121], "text": "controlled"}, {"box": [423, 111, 476, 121], "text": "substance"}, {"box": [478, 111, 508, 121], "text": "under"}, {"box": [511, 111, 527, 121], "text": "the"}, {"box": [16, 128, 68, 139], "text": "Controlled"}, {"box": [71, 128, 131, 139], "text": "Substances"}, {"box": [133, 129, 151, 139], "text": "Act"}, {"box": [153, 128, 187, 141], "text": "(CSA)."}], "linking": [], "id": 45}, {"box": [16, 159, 67, 174], "text": "Images", "label": "OTHER", "words": [{"box": [16, 159, 67, 174], "text": "Images"}], "linking": [], "id": 46}, {"box": [71, 159, 92, 172], "text": "for", "label": "OTHER", "words": [{"box": [71, 159, 92, 172], "text": "for"}], "linking": [], "id": 47}, {"box": [94, 159, 134, 171], "text": "A 500", "label": "IMPRINT", "words": [{"box": [94, 159, 106, 171], "text": "A"}, {"box": [109, 159, 134, 171], "text": "500"}], "linking": [], "id": 48}, {"box": [39, 229, 53, 239], "text": "No", "label": "OTHER", "words": [{"box": [39, 229, 53, 239], "text": "No"}], "linking": [], "id": 49}, {"box": [55, 230, 85, 241], "text": "Image", "label": "OTHER", "words": [{"box": [55, 230, 85, 241], "text": "Image"}], "linking": [], "id": 50}, {"box": [87, 229, 133, 240], "text": "Available", "label": "OTHER", "words": [{"box": [87, 229, 133, 240], "text": "Available"}], "linking": [], "id": 51}]}]