[{"documentName": "Abiraterone Acetate_2897.png", "document": "AN65 Pill - white oval\nPill with imprint AN65 is White, Oval and has been identified as Abiraterone Acetate 250 mg. It is\nsupplied by Amneal Pharmaceuticals LLC.\nAbiraterone is used in the treatment of Prostate Cancer and belongs to the drug class miscellaneous\nantineoplastics. Not for use in pregnancy. Abiraterone 250 mg is not a controlled substance under th\nControlled Substances Act (CSA).\nImages for AN65\nAN65\nAN65\n", "form": [{"box": [11, 12, 65, 29], "text": "AN65", "label": "IMPRINT", "words": [{"box": [11, 12, 65, 29], "text": "AN65"}], "linking": [[0, 8, "IMPRINT"]], "id": 0}, {"box": [71, 11, 100, 29], "text": "Pill", "label": "PILL", "words": [{"box": [71, 11, 100, 29], "text": "Pill"}], "linking": [[1, 5, "PILL"]], "id": 1}, {"box": [107, 20, 114, 25], "text": "-", "label": "OTHER", "words": [{"box": [107, 20, 114, 25], "text": "-"}], "linking": [], "id": 2}, {"box": [119, 12, 171, 29], "text": "white", "label": "COLOR", "words": [{"box": [119, 12, 171, 29], "text": "white"}], "linking": [[3, 10, "COLOR"]], "id": 3}, {"box": [177, 12, 218, 29], "text": "oval", "label": "SHAPE", "words": [{"box": [177, 12, 218, 29], "text": "oval"}], "linking": [[4, 11, "SHAPE"]], "id": 4}, {"box": [12, 45, 27, 54], "text": "Pill", "label": "PILL", "words": [{"box": [12, 45, 27, 54], "text": "Pill"}], "linking": [[1, 5, "PILL"]], "id": 5}, {"box": [29, 45, 50, 54], "text": "with", "label": "OTHER", "words": [{"box": [29, 45, 50, 54], "text": "with"}], "linking": [], "id": 6}, {"box": [54, 45, 88, 57], "text": "imprint", "label": "OTHER", "words": [{"box": [54, 45, 88, 57], "text": "imprint"}], "linking": [], "id": 7}, {"box": [91, 45, 121, 55], "text": "AN65", "label": "IMPRINT", "words": [{"box": [91, 45, 121, 55], "text": "AN65"}], "linking": [[0, 8, "IMPRINT"]], "id": 8}, {"box": [123, 45, 132, 55], "text": "is", "label": "OTHER", "words": [{"box": [123, 45, 132, 55], "text": "is"}], "linking": [], "id": 9}, {"box": [135, 45, 167, 56], "text": "White,", "label": "COLOR", "words": [{"box": [135, 45, 167, 56], "text": "White,"}], "linking": [[3, 10, "COLOR"]], "id": 10}, {"box": [170, 44, 194, 55], "text": "Oval", "label": "SHAPE", "words": [{"box": [170, 44, 194, 55], "text": "Oval"}], "linking": [[4, 11, "SHAPE"]], "id": 11}, {"box": [197, 45, 216, 54], "text": "and", "label": "OTHER", "words": [{"box": [197, 45, 216, 54], "text": "and"}], "linking": [], "id": 12}, {"box": [219, 45, 238, 54], "text": "has", "label": "OTHER", "words": [{"box": [219, 45, 238, 54], "text": "has"}], "linking": [], "id": 13}, {"box": [241, 45, 267, 54], "text": "been", "label": "OTHER", "words": [{"box": [241, 45, 267, 54], "text": "been"}], "linking": [], "id": 14}, {"box": [269, 44, 316, 54], "text": "identified", "label": "OTHER", "words": [{"box": [269, 44, 316, 54], "text": "identified"}], "linking": [], "id": 15}, {"box": [318, 47, 331, 54], "text": "as", "label": "OTHER", "words": [{"box": [318, 47, 331, 54], "text": "as"}], "linking": [], "id": 16}, {"box": [333, 45, 434, 54], "text": "Abiraterone Acetate", "label": "DRUGNAME", "words": [{"box": [333, 45, 392, 54], "text": "Abiraterone"}, {"box": [394, 45, 434, 54], "text": "Acetate"}], "linking": [], "id": 17}, {"box": [436, 45, 478, 57], "text": "250 mg.", "label": "STRENGTH", "words": [{"box": [436, 45, 456, 54], "text": "250"}, {"box": [459, 47, 478, 57], "text": "mg."}], "linking": [[18, 41, "STRENGTH"]], "id": 18}, {"box": [481, 45, 488, 54], "text": "It", "label": "OTHER", "words": [{"box": [481, 45, 488, 54], "text": "It"}], "linking": [], "id": 19}, {"box": [490, 45, 499, 54], "text": "is", "label": "OTHER", "words": [{"box": [490, 45, 499, 54], "text": "is"}], "linking": [], "id": 20}, {"box": [12, 62, 54, 74], "text": "supplied", "label": "OTHER", "words": [{"box": [12, 62, 54, 74], "text": "supplied"}], "linking": [], "id": 21}, {"box": [57, 62, 70, 74], "text": "by", "label": "OTHER", "words": [{"box": [57, 62, 70, 74], "text": "by"}], "linking": [], "id": 22}, {"box": [72, 61, 226, 72], "text": "Amneal Pharmaceuticals LLC.", "label": "SUPPLIER", "words": [{"box": [72, 62, 111, 72], "text": "Amneal"}, {"box": [114, 61, 198, 72], "text": "Pharmaceuticals"}, {"box": [202, 62, 226, 72], "text": "LLC."}], "linking": [], "id": 23}, {"box": [11, 93, 71, 103], "text": "Abiraterone", "label": "DRUGNAME", "words": [{"box": [11, 93, 71, 103], "text": "Abiraterone"}], "linking": [[24, 40, "DRUGNAME"]], "id": 24}, {"box": [74, 93, 82, 103], "text": "is", "label": "OTHER", "words": [{"box": [74, 93, 82, 103], "text": "is"}], "linking": [], "id": 25}, {"box": [85, 93, 110, 102], "text": "used", "label": "OTHER", "words": [{"box": [85, 93, 110, 102], "text": "used"}], "linking": [], "id": 26}, {"box": [113, 93, 122, 102], "text": "in", "label": "OTHER", "words": [{"box": [113, 93, 122, 102], "text": "in"}], "linking": [], "id": 27}, {"box": [125, 93, 141, 102], "text": "the", "label": "OTHER", "words": [{"box": [125, 93, 141, 102], "text": "the"}], "linking": [], "id": 28}, {"box": [144, 93, 193, 102], "text": "treatment", "label": "OTHER", "words": [{"box": [144, 93, 193, 102], "text": "treatment"}], "linking": [], "id": 29}, {"box": [196, 92, 206, 102], "text": "of", "label": "OTHER", "words": [{"box": [196, 92, 206, 102], "text": "of"}], "linking": [], "id": 30}, {"box": [209, 93, 292, 102], "text": "Prostate Cancer", "label": "TREATMENTS", "words": [{"box": [209, 93, 251, 102], "text": "Prostate"}, {"box": [254, 93, 292, 102], "text": "Cancer"}], "linking": [], "id": 31}, {"box": [294, 93, 314, 102], "text": "and", "label": "OTHER", "words": [{"box": [294, 93, 314, 102], "text": "and"}], "linking": [], "id": 32}, {"box": [317, 93, 357, 105], "text": "belongs", "label": "OTHER", "words": [{"box": [317, 93, 357, 105], "text": "belongs"}], "linking": [], "id": 33}, {"box": [359, 93, 370, 102], "text": "to", "label": "OTHER", "words": [{"box": [359, 93, 370, 102], "text": "to"}], "linking": [], "id": 34}, {"box": [372, 93, 389, 102], "text": "the", "label": "OTHER", "words": [{"box": [372, 93, 389, 102], "text": "the"}], "linking": [], "id": 35}, {"box": [391, 93, 415, 105], "text": "drug", "label": "OTHER", "words": [{"box": [391, 93, 415, 105], "text": "drug"}], "linking": [], "id": 36}, {"box": [417, 93, 444, 103], "text": "class", "label": "OTHER", "words": [{"box": [417, 93, 444, 103], "text": "class"}], "linking": [], "id": 37}, {"box": [11, 93, 516, 123], "text": "miscellaneous\nantineoplastics.", "label": "DRUGCLASS", "words": [{"box": [447, 93, 516, 103], "text": "miscellaneous"}, {"box": [11, 111, 90, 123], "text": "antineoplastics."}], "linking": [], "id": 38}, {"box": [94, 111, 220, 123], "text": "Not for use in pregnancy.", "label": "PREGNANCYCONTROL", "words": [{"box": [94, 111, 112, 120], "text": "Not"}, {"box": [114, 111, 128, 120], "text": "for"}, {"box": [131, 113, 150, 120], "text": "use"}, {"box": [153, 111, 162, 120], "text": "in"}, {"box": [165, 113, 220, 123], "text": "pregnancy."}], "linking": [], "id": 39}, {"box": [223, 111, 282, 121], "text": "Abiraterone", "label": "DRUGNAME", "words": [{"box": [223, 111, 282, 121], "text": "Abiraterone"}], "linking": [[24, 40, "DRUGNAME"]], "id": 40}, {"box": [285, 111, 324, 123], "text": "250 mg", "label": "STRENGTH", "words": [{"box": [285, 111, 305, 121], "text": "250"}, {"box": [308, 113, 324, 123], "text": "mg"}], "linking": [[18, 41, "STRENGTH"]], "id": 41}, {"box": [327, 111, 335, 120], "text": "is", "label": "OTHER", "words": [{"box": [327, 111, 335, 120], "text": "is"}], "linking": [], "id": 42}, {"box": [338, 111, 355, 120], "text": "not", "label": "DRUGCLASS", "words": [{"box": [338, 111, 355, 120], "text": "not"}], "linking": [], "id": 43}, {"box": [357, 113, 364, 120], "text": "a", "label": "OTHER", "words": [{"box": [357, 113, 364, 120], "text": "a"}], "linking": [], "id": 44}, {"box": [12, 111, 516, 141], "text": "controlled substance under th\nControlled Substances Act (CSA).", "label": "CSA", "words": [{"box": [366, 111, 417, 121], "text": "controlled"}, {"box": [419, 111, 472, 121], "text": "substance"}, {"box": [474, 111, 505, 121], "text": "under"}, {"box": [507, 111, 516, 121], "text": "th"}, {"box": [12, 128, 64, 139], "text": "Controlled"}, {"box": [67, 129, 127, 138], "text": "Substances"}, {"box": [129, 129, 147, 138], "text": "Act"}, {"box": [149, 128, 183, 141], "text": "(CSA)."}], "linking": [], "id": 45}, {"box": [12, 159, 63, 175], "text": "Images", "label": "OTHER", "words": [{"box": [12, 159, 63, 175], "text": "Images"}], "linking": [], "id": 46}, {"box": [67, 159, 88, 171], "text": "for", "label": "OTHER", "words": [{"box": [67, 159, 88, 171], "text": "for"}], "linking": [], "id": 47}, {"box": [90, 159, 129, 172], "text": "AN65", "label": "IMPRINT", "words": [{"box": [90, 159, 129, 172], "text": "AN65"}], "linking": [[48, 49, "IMPRINT"]], "id": 48}, {"box": [47, 210, 89, 223], "text": "AN65", "label": "IMPRINT", "words": [{"box": [47, 210, 89, 223], "text": "AN65"}], "linking": [[48, 49, "IMPRINT"]], "id": 49}, {"box": [166, 226, 239, 248], "text": "AN65", "label": "IMPRINT", "words": [{"box": [166, 226, 239, 248], "text": "AN65"}], "linking": [], "id": 50}]}]