[{"documentName": "Abiraterone Acetate_2903.png", "document": "M AB500 Pill - white oval\nPill with imprint M AB500 is White, Oval and has been identified as Abiraterone Acetate 500 mg.\nAbiraterone is used in the treatment of Prostate Cancer and belongs to the drug class miscellaneous\nantineoplastics. Not for use in pregnancy. Abiraterone 500 mg is not a controlled substance under the\nControlled Substances Act (CSA).\nImages for M AB500\nNDC\nAbiraterone\nAcetate\nInhiats. USE\n500 new\nIII\nMylan\nfrom\n", "form": [{"box": [19, 12, 105, 28], "text": "M AB500", "label": "IMPRINT", "words": [{"box": [19, 12, 36, 28], "text": "M"}, {"box": [40, 12, 105, 28], "text": "AB500"}], "linking": [[0, 8, "IMPRINT"]], "id": 0}, {"box": [111, 12, 141, 28], "text": "Pill", "label": "PILL", "words": [{"box": [111, 12, 141, 28], "text": "Pill"}], "linking": [[1, 5, "PILL"]], "id": 1}, {"box": [147, 21, 154, 24], "text": "-", "label": "OTHER", "words": [{"box": [147, 21, 154, 24], "text": "-"}], "linking": [], "id": 2}, {"box": [159, 12, 212, 29], "text": "white", "label": "COLOR", "words": [{"box": [159, 12, 212, 29], "text": "white"}], "linking": [[3, 10, "COLOR"]], "id": 3}, {"box": [218, 12, 258, 28], "text": "oval", "label": "SHAPE", "words": [{"box": [218, 12, 258, 28], "text": "oval"}], "linking": [[11, 4, "SHAPE"]], "id": 4}, {"box": [19, 45, 34, 54], "text": "Pill", "label": "PILL", "words": [{"box": [19, 45, 34, 54], "text": "Pill"}], "linking": [[1, 5, "PILL"]], "id": 5}, {"box": [37, 45, 57, 54], "text": "with", "label": "OTHER", "words": [{"box": [37, 45, 57, 54], "text": "with"}], "linking": [], "id": 6}, {"box": [60, 45, 95, 56], "text": "imprint", "label": "OTHER", "words": [{"box": [60, 45, 95, 56], "text": "imprint"}], "linking": [], "id": 7}, {"box": [98, 45, 146, 54], "text": "M AB500", "label": "IMPRINT", "words": [{"box": [98, 45, 108, 54], "text": "M"}, {"box": [110, 45, 146, 54], "text": "AB500"}], "linking": [[0, 8, "IMPRINT"]], "id": 8}, {"box": [149, 45, 158, 54], "text": "is", "label": "OTHER", "words": [{"box": [149, 45, 158, 54], "text": "is"}], "linking": [], "id": 9}, {"box": [160, 45, 193, 56], "text": "White,", "label": "COLOR", "words": [{"box": [160, 45, 193, 56], "text": "White,"}], "linking": [[3, 10, "COLOR"]], "id": 10}, {"box": [196, 45, 220, 54], "text": "Oval", "label": "SHAPE", "words": [{"box": [196, 45, 220, 54], "text": "Oval"}], "linking": [[11, 4, "SHAPE"]], "id": 11}, {"box": [223, 45, 242, 54], "text": "and", "label": "OTHER", "words": [{"box": [223, 45, 242, 54], "text": "and"}], "linking": [], "id": 12}, {"box": [245, 45, 264, 54], "text": "has", "label": "OTHER", "words": [{"box": [245, 45, 264, 54], "text": "has"}], "linking": [], "id": 13}, {"box": [267, 45, 292, 54], "text": "been", "label": "OTHER", "words": [{"box": [267, 45, 292, 54], "text": "been"}], "linking": [], "id": 14}, {"box": [295, 45, 341, 54], "text": "identified", "label": "OTHER", "words": [{"box": [295, 45, 341, 54], "text": "identified"}], "linking": [], "id": 15}, {"box": [344, 47, 356, 54], "text": "as", "label": "OTHER", "words": [{"box": [344, 47, 356, 54], "text": "as"}], "linking": [], "id": 16}, {"box": [358, 45, 459, 54], "text": "Abiraterone Acetate", "label": "DRUGNAME", "words": [{"box": [358, 45, 418, 54], "text": "Abiraterone"}, {"box": [420, 45, 459, 54], "text": "Acetate"}], "linking": [[17, 45, "DRUGNAME"]], "id": 17}, {"box": [462, 45, 503, 57], "text": "500 mg.", "label": "STRENGTH", "words": [{"box": [462, 45, 482, 54], "text": "500"}, {"box": [485, 47, 503, 57], "text": "mg."}], "linking": [[36, 18, "STRENGTH"]], "id": 18}, {"box": [18, 75, 78, 84], "text": "Abiraterone", "label": "DRUGNAME", "words": [{"box": [18, 75, 78, 84], "text": "Abiraterone"}], "linking": [[35, 19, "DRUGNAME"]], "id": 19}, {"box": [81, 75, 89, 84], "text": "is", "label": "OTHER", "words": [{"box": [81, 75, 89, 84], "text": "is"}], "linking": [], "id": 20}, {"box": [92, 75, 117, 84], "text": "used", "label": "OTHER", "words": [{"box": [92, 75, 117, 84], "text": "used"}], "linking": [], "id": 21}, {"box": [120, 75, 129, 84], "text": "in", "label": "OTHER", "words": [{"box": [120, 75, 129, 84], "text": "in"}], "linking": [], "id": 22}, {"box": [132, 75, 148, 84], "text": "the", "label": "OTHER", "words": [{"box": [132, 75, 148, 84], "text": "the"}], "linking": [], "id": 23}, {"box": [151, 75, 200, 85], "text": "treatment", "label": "OTHER", "words": [{"box": [151, 75, 200, 85], "text": "treatment"}], "linking": [], "id": 24}, {"box": [203, 75, 213, 84], "text": "of", "label": "OTHER", "words": [{"box": [203, 75, 213, 84], "text": "of"}], "linking": [], "id": 25}, {"box": [216, 75, 299, 85], "text": "Prostate Cancer", "label": "TREATMENTS", "words": [{"box": [216, 75, 259, 85], "text": "Prostate"}, {"box": [261, 75, 299, 85], "text": "Cancer"}], "linking": [], "id": 26}, {"box": [301, 75, 321, 84], "text": "and", "label": "OTHER", "words": [{"box": [301, 75, 321, 84], "text": "and"}], "linking": [], "id": 27}, {"box": [324, 75, 364, 87], "text": "belongs", "label": "OTHER", "words": [{"box": [324, 75, 364, 87], "text": "belongs"}], "linking": [], "id": 28}, {"box": [366, 75, 377, 84], "text": "to", "label": "OTHER", "words": [{"box": [366, 75, 377, 84], "text": "to"}], "linking": [], "id": 29}, {"box": [379, 75, 396, 84], "text": "the", "label": "OTHER", "words": [{"box": [379, 75, 396, 84], "text": "the"}], "linking": [], "id": 30}, {"box": [398, 75, 422, 87], "text": "drug", "label": "OTHER", "words": [{"box": [398, 75, 422, 87], "text": "drug"}], "linking": [], "id": 31}, {"box": [425, 75, 451, 84], "text": "class", "label": "OTHER", "words": [{"box": [425, 75, 451, 84], "text": "class"}], "linking": [], "id": 32}, {"box": [19, 75, 527, 104], "text": "miscellaneous\nantineoplastics.", "label": "DRUGCLASS", "words": [{"box": [454, 75, 527, 84], "text": "miscellaneous"}, {"box": [19, 93, 97, 104], "text": "antineoplastics."}], "linking": [], "id": 33}, {"box": [101, 93, 227, 105], "text": "Not for use in pregnancy.", "label": "PREGNANCYCONTROL", "words": [{"box": [101, 93, 119, 102], "text": "Not"}, {"box": [122, 93, 135, 102], "text": "for"}, {"box": [138, 95, 157, 102], "text": "use"}, {"box": [159, 93, 169, 102], "text": "in"}, {"box": [172, 95, 227, 105], "text": "pregnancy."}], "linking": [], "id": 34}, {"box": [230, 93, 289, 103], "text": "Abiraterone", "label": "DRUGNAME", "words": [{"box": [230, 93, 289, 103], "text": "Abiraterone"}], "linking": [[35, 19, "DRUGNAME"]], "id": 35}, {"box": [292, 93, 331, 105], "text": "500 mg", "label": "STRENGTH", "words": [{"box": [292, 93, 312, 102], "text": "500"}, {"box": [315, 95, 331, 105], "text": "mg"}], "linking": [[36, 18, "STRENGTH"]], "id": 36}, {"box": [334, 93, 342, 102], "text": "is", "label": "OTHER", "words": [{"box": [334, 93, 342, 102], "text": "is"}], "linking": [], "id": 37}, {"box": [345, 93, 361, 103], "text": "not", "label": "OTHER", "words": [{"box": [345, 93, 361, 103], "text": "not"}], "linking": [], "id": 38}, {"box": [364, 95, 371, 102], "text": "a", "label": "OTHER", "words": [{"box": [364, 95, 371, 102], "text": "a"}], "linking": [], "id": 39}, {"box": [19, 93, 530, 122], "text": "controlled substance under the\nControlled Substances Act (CSA).", "label": "CSA", "words": [{"box": [373, 93, 423, 103], "text": "controlled"}, {"box": [426, 93, 479, 102], "text": "substance"}, {"box": [481, 93, 511, 102], "text": "under"}, {"box": [514, 93, 530, 102], "text": "the"}, {"box": [19, 110, 71, 120], "text": "Controlled"}, {"box": [74, 110, 134, 120], "text": "Substances"}, {"box": [136, 111, 154, 120], "text": "Act"}, {"box": [155, 111, 190, 122], "text": "(CSA)."}], "linking": [], "id": 40}, {"box": [19, 140, 70, 156], "text": "Images", "label": "OTHER", "words": [{"box": [19, 140, 70, 156], "text": "Images"}], "linking": [], "id": 41}, {"box": [74, 140, 95, 152], "text": "for", "label": "OTHER", "words": [{"box": [74, 140, 95, 152], "text": "for"}], "linking": [], "id": 42}, {"box": [99, 140, 161, 152], "text": "M AB500", "label": "IMPRINT", "words": [{"box": [99, 140, 111, 152], "text": "M"}, {"box": [114, 140, 161, 152], "text": "AB500"}], "linking": [], "id": 43}, {"box": [20, 177, 32, 183], "text": "NDC", "label": "OTHER", "words": [{"box": [20, 177, 32, 183], "text": "NDC"}], "linking": [], "id": 44}, {"box": [21, 188, 76, 205], "text": "Abiraterone\nAcetate", "label": "DRUGNAME", "words": [{"box": [22, 188, 76, 195], "text": "Abiraterone"}, {"box": [21, 197, 57, 205], "text": "Acetate"}], "linking": [[17, 45, "DRUGNAME"]], "id": 45}, {"box": [23, 208, 45, 215], "text": "Inhiats.", "label": "OTHER", "words": [{"box": [23, 208, 45, 215], "text": "Inhiats."}], "linking": [], "id": 46}, {"box": [46, 209, 59, 215], "text": "USE", "label": "OTHER", "words": [{"box": [46, 209, 59, 215], "text": "USE"}], "linking": [], "id": 47}, {"box": [23, 221, 37, 229], "text": "500", "label": "OTHER", "words": [{"box": [23, 221, 37, 229], "text": "500"}], "linking": [], "id": 48}, {"box": [38, 223, 48, 229], "text": "new", "label": "OTHER", "words": [{"box": [38, 223, 48, 229], "text": "new"}], "linking": [], "id": 49}, {"box": [44, 241, 52, 249], "text": "III", "label": "OTHER", "words": [{"box": [44, 241, 52, 249], "text": "III"}], "linking": [], "id": 50}, {"box": [54, 241, 79, 250], "text": "Mylan", "label": "OTHER", "words": [{"box": [54, 241, 79, 250], "text": "Mylan"}], "linking": [], "id": 51}, {"box": [20, 253, 34, 259], "text": "from", "label": "OTHER", "words": [{"box": [20, 253, 34, 259], "text": "from"}], "linking": [], "id": 52}]}]