[{"documentName": "Acarbose_2970.png", "document": "H25 Pill - white round\nPill with imprint H25 is White, Round and has been identified as Acarbose 25 mg. It is supplied by\nAiping Pharmaceutical\nAcarbose is used in the treatment of Diabetes, Type 2 and belongs to the drug class alpha-glucosidase\ninhibitors. There is no proven risk in humans during pregnancy. Acarbose 25 mg is not a controlled\nsubstance under the Controlled Substances Act (CSA).\nImages for H25\nNo Image Available\n", "form": [{"box": [19, 12, 58, 28], "text": "H25", "label": "IMPRINT", "words": [{"box": [19, 12, 58, 28], "text": "H25"}], "linking": [[0, 8, "IMPRINT"]], "id": 0}, {"box": [63, 12, 92, 28], "text": "Pill", "label": "PILL", "words": [{"box": [63, 12, 92, 28], "text": "Pill"}], "linking": [[1, 5, "PILL"]], "id": 1}, {"box": [99, 20, 106, 24], "text": "-", "label": "OTHER", "words": [{"box": [99, 20, 106, 24], "text": "-"}], "linking": [], "id": 2}, {"box": [110, 12, 163, 29], "text": "white", "label": "COLOR", "words": [{"box": [110, 12, 163, 29], "text": "white"}], "linking": [[3, 10, "COLOR"]], "id": 3}, {"box": [169, 12, 227, 29], "text": "round", "label": "SHAPE", "words": [{"box": [169, 12, 227, 29], "text": "round"}], "linking": [[4, 11, "SHAPE"]], "id": 4}, {"box": [19, 45, 34, 54], "text": "Pill", "label": "PILL", "words": [{"box": [19, 45, 34, 54], "text": "Pill"}], "linking": [[1, 5, "PILL"]], "id": 5}, {"box": [36, 45, 58, 54], "text": "with", "label": "OTHER", "words": [{"box": [36, 45, 58, 54], "text": "with"}], "linking": [], "id": 6}, {"box": [60, 45, 95, 57], "text": "imprint", "label": "OTHER", "words": [{"box": [60, 45, 95, 57], "text": "imprint"}], "linking": [], "id": 7}, {"box": [98, 45, 119, 54], "text": "H25", "label": "IMPRINT", "words": [{"box": [98, 45, 119, 54], "text": "H25"}], "linking": [[0, 8, "IMPRINT"]], "id": 8}, {"box": [122, 45, 131, 54], "text": "is", "label": "OTHER", "words": [{"box": [122, 45, 131, 54], "text": "is"}], "linking": [], "id": 9}, {"box": [133, 44, 166, 56], "text": "White,", "label": "COLOR", "words": [{"box": [133, 44, 166, 56], "text": "White,"}], "linking": [[3, 10, "COLOR"]], "id": 10}, {"box": [169, 45, 203, 54], "text": "Round", "label": "SHAPE", "words": [{"box": [169, 45, 203, 54], "text": "Round"}], "linking": [[4, 11, "SHAPE"]], "id": 11}, {"box": [206, 45, 225, 54], "text": "and", "label": "OTHER", "words": [{"box": [206, 45, 225, 54], "text": "and"}], "linking": [], "id": 12}, {"box": [228, 45, 247, 54], "text": "has", "label": "OTHER", "words": [{"box": [228, 45, 247, 54], "text": "has"}], "linking": [], "id": 13}, {"box": [249, 45, 276, 54], "text": "been", "label": "OTHER", "words": [{"box": [249, 45, 276, 54], "text": "been"}], "linking": [], "id": 14}, {"box": [278, 44, 325, 55], "text": "identified", "label": "OTHER", "words": [{"box": [278, 44, 325, 55], "text": "identified"}], "linking": [], "id": 15}, {"box": [327, 47, 340, 54], "text": "as", "label": "OTHER", "words": [{"box": [327, 47, 340, 54], "text": "as"}], "linking": [], "id": 16}, {"box": [341, 45, 391, 55], "text": "Acarbose", "label": "DRUGNAME", "words": [{"box": [341, 45, 391, 55], "text": "Acarbose"}], "linking": [[17, 24, "DRUGNAME"]], "id": 17}, {"box": [393, 45, 428, 57], "text": "25 mg.", "label": "STRENGTH", "words": [{"box": [393, 45, 407, 54], "text": "25"}, {"box": [409, 47, 428, 57], "text": "mg."}], "linking": [[18, 42, "STRENGTH"]], "id": 18}, {"box": [432, 45, 439, 55], "text": "It", "label": "OTHER", "words": [{"box": [432, 45, 439, 55], "text": "It"}], "linking": [], "id": 19}, {"box": [441, 45, 450, 55], "text": "is", "label": "OTHER", "words": [{"box": [441, 45, 450, 55], "text": "is"}], "linking": [], "id": 20}, {"box": [452, 45, 495, 57], "text": "supplied", "label": "OTHER", "words": [{"box": [452, 45, 495, 57], "text": "supplied"}], "linking": [], "id": 21}, {"box": [498, 45, 511, 57], "text": "by", "label": "OTHER", "words": [{"box": [498, 45, 511, 57], "text": "by"}], "linking": [], "id": 22}, {"box": [18, 61, 135, 74], "text": "Aiping Pharmaceutical", "label": "SUPPLIER", "words": [{"box": [18, 61, 51, 74], "text": "Aiping"}, {"box": [54, 61, 135, 72], "text": "Pharmaceutical"}], "linking": [], "id": 23}, {"box": [18, 93, 67, 103], "text": "Acarbose", "label": "DRUGNAME", "words": [{"box": [18, 93, 67, 103], "text": "Acarbose"}], "linking": [[17, 24, "DRUGNAME"]], "id": 24}, {"box": [70, 93, 79, 102], "text": "is", "label": "OTHER", "words": [{"box": [70, 93, 79, 102], "text": "is"}], "linking": [], "id": 25}, {"box": [82, 93, 107, 102], "text": "used", "label": "OTHER", "words": [{"box": [82, 93, 107, 102], "text": "used"}], "linking": [], "id": 26}, {"box": [110, 93, 119, 102], "text": "in", "label": "OTHER", "words": [{"box": [110, 93, 119, 102], "text": "in"}], "linking": [], "id": 27}, {"box": [121, 93, 138, 103], "text": "the", "label": "OTHER", "words": [{"box": [121, 93, 138, 103], "text": "the"}], "linking": [], "id": 28}, {"box": [140, 93, 190, 103], "text": "treatment", "label": "OTHER", "words": [{"box": [140, 93, 190, 103], "text": "treatment"}], "linking": [], "id": 29}, {"box": [192, 92, 203, 102], "text": "of", "label": "OTHER", "words": [{"box": [192, 92, 203, 102], "text": "of"}], "linking": [], "id": 30}, {"box": [205, 92, 253, 104], "text": "Diabetes,", "label": "TREATMENTS", "words": [{"box": [205, 92, 253, 104], "text": "Diabetes,"}], "linking": [[31, 32, "TREATMENTS"]], "id": 31}, {"box": [256, 93, 291, 105], "text": "Type 2", "label": "TREATMENTS", "words": [{"box": [256, 93, 281, 105], "text": "Type"}, {"box": [284, 93, 291, 102], "text": "2"}], "linking": [[31, 32, "TREATMENTS"]], "id": 32}, {"box": [293, 93, 313, 102], "text": "and", "label": "OTHER", "words": [{"box": [293, 93, 313, 102], "text": "and"}], "linking": [], "id": 33}, {"box": [316, 93, 356, 105], "text": "belongs", "label": "OTHER", "words": [{"box": [316, 93, 356, 105], "text": "belongs"}], "linking": [], "id": 34}, {"box": [359, 93, 369, 102], "text": "to", "label": "OTHER", "words": [{"box": [359, 93, 369, 102], "text": "to"}], "linking": [], "id": 35}, {"box": [371, 93, 388, 103], "text": "the", "label": "OTHER", "words": [{"box": [371, 93, 388, 103], "text": "the"}], "linking": [], "id": 36}, {"box": [390, 93, 414, 105], "text": "drug", "label": "OTHER", "words": [{"box": [390, 93, 414, 105], "text": "drug"}], "linking": [], "id": 37}, {"box": [417, 93, 443, 103], "text": "class", "label": "OTHER", "words": [{"box": [417, 93, 443, 103], "text": "class"}], "linking": [], "id": 38}, {"box": [18, 92, 538, 121], "text": "alpha-glucosidase\ninhibitors.", "label": "DRUGCLASS", "words": [{"box": [446, 92, 538, 105], "text": "alpha-glucosidase"}, {"box": [18, 110, 67, 121], "text": "inhibitors."}], "linking": [], "id": 39}, {"box": [71, 110, 336, 123], "text": "There is no proven risk in humans during pregnancy.", "label": "PREGNANCYCONTROL", "words": [{"box": [71, 110, 101, 120], "text": "There"}, {"box": [103, 111, 112, 120], "text": "is"}, {"box": [115, 113, 128, 120], "text": "no"}, {"box": [131, 113, 166, 123], "text": "proven"}, {"box": [169, 111, 187, 121], "text": "risk"}, {"box": [190, 110, 199, 120], "text": "in"}, {"box": [202, 111, 243, 121], "text": "humans"}, {"box": [245, 111, 278, 123], "text": "during"}, {"box": [280, 113, 336, 123], "text": "pregnancy."}], "linking": [], "id": 40}, {"box": [338, 110, 388, 121], "text": "Acarbose", "label": "DRUGNAME", "words": [{"box": [338, 110, 388, 121], "text": "Acarbose"}], "linking": [], "id": 41}, {"box": [390, 111, 422, 123], "text": "25 mg", "label": "STRENGTH", "words": [{"box": [390, 111, 404, 121], "text": "25"}, {"box": [406, 113, 422, 123], "text": "mg"}], "linking": [[18, 42, "STRENGTH"]], "id": 42}, {"box": [425, 111, 434, 121], "text": "is", "label": "OTHER", "words": [{"box": [425, 111, 434, 121], "text": "is"}], "linking": [], "id": 43}, {"box": [437, 111, 453, 121], "text": "not", "label": "OTHER", "words": [{"box": [437, 111, 453, 121], "text": "not"}], "linking": [], "id": 44}, {"box": [456, 113, 463, 120], "text": "a", "label": "OTHER", "words": [{"box": [456, 113, 463, 120], "text": "a"}], "linking": [], "id": 45}, {"box": [18, 111, 515, 141], "text": "controlled\nsubstance under the Controlled Substances Act (CSA).", "label": "CSA", "words": [{"box": [465, 111, 515, 121], "text": "controlled"}, {"box": [18, 129, 71, 138], "text": "substance"}, {"box": [74, 129, 104, 138], "text": "under"}, {"box": [106, 129, 123, 138], "text": "the"}, {"box": [125, 128, 178, 139], "text": "Controlled"}, {"box": [181, 128, 241, 139], "text": "Substances"}, {"box": [242, 129, 260, 139], "text": "Act"}, {"box": [262, 129, 298, 141], "text": "(CSA)."}], "linking": [], "id": 46}, {"box": [19, 159, 70, 174], "text": "Images", "label": "OTHER", "words": [{"box": [19, 159, 70, 174], "text": "Images"}], "linking": [], "id": 47}, {"box": [74, 159, 95, 171], "text": "for", "label": "OTHER", "words": [{"box": [74, 159, 95, 171], "text": "for"}], "linking": [], "id": 48}, {"box": [99, 159, 126, 171], "text": "H25", "label": "IMPRINT", "words": [{"box": [99, 159, 126, 171], "text": "H25"}], "linking": [], "id": 49}, {"box": [41, 229, 56, 239], "text": "No", "label": "OTHER", "words": [{"box": [41, 229, 56, 239], "text": "No"}], "linking": [], "id": 50}, {"box": [58, 230, 88, 241], "text": "Image", "label": "OTHER", "words": [{"box": [58, 230, 88, 241], "text": "Image"}], "linking": [], "id": 51}, {"box": [90, 229, 136, 239], "text": "Available", "label": "OTHER", "words": [{"box": [90, 229, 136, 239], "text": "Available"}], "linking": [], "id": 52}]}]