[{"documentName": "Acetaminophen and butalbital_3063.png", "document": "FIORICET Logo Pill - blue capsule-shape\nPill with imprint FIORICET Logo is Blue, Capsule-shape and has been identified as Acetaminophen,\nButalbital and Caffeine 300 mg / 50 mg / 40 mg. It is supplied by AvKare Inc.\nAcetaminophen/butalbital/caffeine is used in the treatment of Headache and belongs to the drug class\nanalgesic combinations Risk cannot be ruled out during pregnancy. Acetaminophen/butalbital/caffeine\n300 mg / 50 mg / 40 mg is not a controlled substance under the Controlled Substances Act (CSA).\nImages for FIORICET Logo\nORICE\n", "form": [{"box": [10, 12, 162, 33], "text": "FIORICET Logo", "label": "IMPRINT", "words": [{"box": [10, 12, 107, 29], "text": "FIORICET"}, {"box": [112, 12, 162, 33], "text": "Logo"}], "linking": [[0, 8, "IMPRINT"]], "id": 0}, {"box": [168, 12, 198, 29], "text": "Pill", "label": "PILL", "words": [{"box": [168, 12, 198, 29], "text": "Pill"}], "linking": [[1, 5, "PILL"]], "id": 1}, {"box": [204, 20, 211, 25], "text": "-", "label": "OTHER", "words": [{"box": [204, 20, 211, 25], "text": "-"}], "linking": [], "id": 2}, {"box": [216, 12, 258, 29], "text": "blue", "label": "COLOR", "words": [{"box": [216, 12, 258, 29], "text": "blue"}], "linking": [[3, 10, "COLOR"]], "id": 3}, {"box": [264, 12, 406, 33], "text": "capsule-shape", "label": "SHAPE", "words": [{"box": [264, 12, 406, 33], "text": "capsule-shape"}], "linking": [[4, 11, "SHAPE"]], "id": 4}, {"box": [10, 45, 25, 54], "text": "Pill", "label": "PILL", "words": [{"box": [10, 45, 25, 54], "text": "Pill"}], "linking": [[1, 5, "PILL"]], "id": 5}, {"box": [28, 45, 49, 54], "text": "with", "label": "OTHER", "words": [{"box": [28, 45, 49, 54], "text": "with"}], "linking": [], "id": 6}, {"box": [51, 45, 87, 56], "text": "imprint", "label": "OTHER", "words": [{"box": [51, 45, 87, 56], "text": "imprint"}], "linking": [], "id": 7}, {"box": [89, 44, 174, 57], "text": "FIORICET Logo", "label": "IMPRINT", "words": [{"box": [89, 44, 143, 55], "text": "FIORICET"}, {"box": [146, 45, 174, 57], "text": "Logo"}], "linking": [[0, 8, "IMPRINT"], [8, 48, "IMPRINT"]], "id": 8}, {"box": [176, 45, 185, 55], "text": "is", "label": "OTHER", "words": [{"box": [176, 45, 185, 55], "text": "is"}], "linking": [], "id": 9}, {"box": [188, 45, 214, 56], "text": "Blue,", "label": "COLOR", "words": [{"box": [188, 45, 214, 56], "text": "Blue,"}], "linking": [[3, 10, "COLOR"]], "id": 10}, {"box": [217, 45, 294, 57], "text": "Capsule-shape", "label": "SHAPE", "words": [{"box": [217, 45, 294, 57], "text": "Capsule-shape"}], "linking": [[4, 11, "SHAPE"]], "id": 11}, {"box": [297, 45, 317, 55], "text": "and", "label": "OTHER", "words": [{"box": [297, 45, 317, 55], "text": "and"}], "linking": [], "id": 12}, {"box": [319, 45, 338, 55], "text": "has", "label": "OTHER", "words": [{"box": [319, 45, 338, 55], "text": "has"}], "linking": [], "id": 13}, {"box": [341, 45, 367, 55], "text": "been", "label": "OTHER", "words": [{"box": [341, 45, 367, 55], "text": "been"}], "linking": [], "id": 14}, {"box": [369, 45, 416, 55], "text": "identified", "label": "OTHER", "words": [{"box": [369, 45, 416, 55], "text": "identified"}], "linking": [], "id": 15}, {"box": [418, 47, 431, 55], "text": "as", "label": "OTHER", "words": [{"box": [418, 47, 431, 55], "text": "as"}], "linking": [], "id": 16}, {"box": [10, 45, 516, 72], "text": "Acetaminophen,\nButalbital and Caffeine", "label": "DRUGNAME", "words": [{"box": [433, 45, 516, 57], "text": "Acetaminophen,"}, {"box": [10, 62, 57, 72], "text": "Butalbital"}, {"box": [60, 62, 79, 71], "text": "and"}, {"box": [82, 61, 124, 72], "text": "Caffeine"}], "linking": [[17, 24, "DRUGNAME"]], "id": 17}, {"box": [128, 62, 251, 74], "text": "300 mg / 50 mg / 40 mg.", "label": "STRENGTH", "words": [{"box": [128, 62, 147, 72], "text": "300"}, {"box": [150, 64, 166, 74], "text": "mg"}, {"box": [168, 62, 173, 72], "text": "/"}, {"box": [175, 62, 188, 72], "text": "50"}, {"box": [191, 63, 207, 74], "text": "mg"}, {"box": [210, 62, 214, 71], "text": "/"}, {"box": [216, 62, 230, 71], "text": "40"}, {"box": [232, 64, 251, 74], "text": "mg."}], "linking": [[18, 41, "STRENGTH"]], "id": 18}, {"box": [255, 62, 262, 72], "text": "It", "label": "OTHER", "words": [{"box": [255, 62, 262, 72], "text": "It"}], "linking": [], "id": 19}, {"box": [264, 62, 273, 72], "text": "is", "label": "OTHER", "words": [{"box": [264, 62, 273, 72], "text": "is"}], "linking": [], "id": 20}, {"box": [275, 62, 318, 74], "text": "supplied", "label": "OTHER", "words": [{"box": [275, 62, 318, 74], "text": "supplied"}], "linking": [], "id": 21}, {"box": [321, 62, 334, 74], "text": "by", "label": "OTHER", "words": [{"box": [321, 62, 334, 74], "text": "by"}], "linking": [], "id": 22}, {"box": [336, 62, 395, 72], "text": "AvKare Inc.", "label": "SUPPLIER", "words": [{"box": [336, 62, 374, 72], "text": "AvKare"}, {"box": [376, 62, 395, 72], "text": "Inc."}], "linking": [], "id": 23}, {"box": [10, 93, 182, 104], "text": "Acetaminophen/butalbital/caffeine", "label": "DRUGNAME", "words": [{"box": [10, 93, 182, 104], "text": "Acetaminophen/butalbital/caffeine"}], "linking": [[17, 24, "DRUGNAME"], [24, 40, "DRUGNAME"]], "id": 24}, {"box": [184, 93, 193, 103], "text": "is", "label": "OTHER", "words": [{"box": [184, 93, 193, 103], "text": "is"}], "linking": [], "id": 25}, {"box": [196, 93, 221, 103], "text": "used", "label": "OTHER", "words": [{"box": [196, 93, 221, 103], "text": "used"}], "linking": [], "id": 26}, {"box": [223, 93, 233, 102], "text": "in", "label": "OTHER", "words": [{"box": [223, 93, 233, 102], "text": "in"}], "linking": [], "id": 27}, {"box": [235, 93, 251, 103], "text": "the", "label": "OTHER", "words": [{"box": [235, 93, 251, 103], "text": "the"}], "linking": [], "id": 28}, {"box": [254, 93, 304, 103], "text": "treatment", "label": "OTHER", "words": [{"box": [254, 93, 304, 103], "text": "treatment"}], "linking": [], "id": 29}, {"box": [306, 93, 316, 103], "text": "of", "label": "OTHER", "words": [{"box": [306, 93, 316, 103], "text": "of"}], "linking": [], "id": 30}, {"box": [319, 93, 371, 103], "text": "Headache", "label": "TREATMENTS", "words": [{"box": [319, 93, 371, 103], "text": "Headache"}], "linking": [], "id": 31}, {"box": [374, 93, 393, 103], "text": "and", "label": "OTHER", "words": [{"box": [374, 93, 393, 103], "text": "and"}], "linking": [], "id": 32}, {"box": [396, 93, 436, 105], "text": "belongs", "label": "OTHER", "words": [{"box": [396, 93, 436, 105], "text": "belongs"}], "linking": [], "id": 33}, {"box": [439, 93, 449, 103], "text": "to", "label": "OTHER", "words": [{"box": [439, 93, 449, 103], "text": "to"}], "linking": [], "id": 34}, {"box": [452, 93, 468, 103], "text": "the", "label": "OTHER", "words": [{"box": [452, 93, 468, 103], "text": "the"}], "linking": [], "id": 35}, {"box": [471, 93, 494, 105], "text": "drug", "label": "OTHER", "words": [{"box": [471, 93, 494, 105], "text": "drug"}], "linking": [], "id": 36}, {"box": [497, 93, 523, 103], "text": "class", "label": "OTHER", "words": [{"box": [497, 93, 523, 103], "text": "class"}], "linking": [], "id": 37}, {"box": [10, 111, 131, 123], "text": "analgesic combinations", "label": "DRUGCLASS", "words": [{"box": [10, 111, 59, 123], "text": "analgesic"}, {"box": [61, 111, 131, 121], "text": "combinations"}], "linking": [], "id": 38}, {"box": [135, 111, 352, 123], "text": "Risk cannot be ruled out during pregnancy.", "label": "PREGNANCYCONTROL", "words": [{"box": [135, 111, 158, 121], "text": "Risk"}, {"box": [160, 111, 195, 121], "text": "cannot"}, {"box": [197, 111, 210, 120], "text": "be"}, {"box": [213, 111, 239, 121], "text": "ruled"}, {"box": [242, 111, 259, 121], "text": "out"}, {"box": [261, 111, 293, 123], "text": "during"}, {"box": [296, 113, 352, 123], "text": "pregnancy."}], "linking": [], "id": 39}, {"box": [354, 111, 526, 122], "text": "Acetaminophen/butalbital/caffeine", "label": "DRUGNAME", "words": [{"box": [354, 111, 526, 122], "text": "Acetaminophen/butalbital/caffeine"}], "linking": [[24, 40, "DRUGNAME"]], "id": 40}, {"box": [10, 129, 131, 141], "text": "300 mg / 50 mg / 40 mg", "label": "STRENGTH", "words": [{"box": [10, 129, 29, 139], "text": "300"}, {"box": [32, 131, 48, 141], "text": "mg"}, {"box": [50, 129, 55, 139], "text": "/"}, {"box": [57, 129, 70, 139], "text": "50"}, {"box": [73, 131, 89, 141], "text": "mg"}, {"box": [92, 129, 96, 139], "text": "/"}, {"box": [98, 129, 112, 139], "text": "40"}, {"box": [114, 131, 131, 141], "text": "mg"}], "linking": [[18, 41, "STRENGTH"]], "id": 41}, {"box": [133, 129, 142, 138], "text": "is", "label": "OTHER", "words": [{"box": [133, 129, 142, 138], "text": "is"}], "linking": [], "id": 42}, {"box": [145, 129, 161, 139], "text": "not", "label": "OTHER", "words": [{"box": [145, 129, 161, 139], "text": "not"}], "linking": [], "id": 43}, {"box": [164, 131, 171, 139], "text": "a", "label": "OTHER", "words": [{"box": [164, 131, 171, 139], "text": "a"}], "linking": [], "id": 44}, {"box": [173, 128, 504, 141], "text": "controlled substance under the Controlled Substances Act (CSA).", "label": "CSA", "words": [{"box": [173, 129, 223, 139], "text": "controlled"}, {"box": [226, 129, 278, 139], "text": "substance"}, {"box": [281, 129, 311, 139], "text": "under"}, {"box": [313, 129, 330, 139], "text": "the"}, {"box": [333, 129, 385, 139], "text": "Controlled"}, {"box": [388, 128, 448, 139], "text": "Substances"}, {"box": [450, 129, 468, 138], "text": "Act"}, {"box": [470, 128, 504, 141], "text": "(CSA)."}], "linking": [], "id": 45}, {"box": [10, 159, 61, 174], "text": "Images", "label": "OTHER", "words": [{"box": [10, 159, 61, 174], "text": "Images"}], "linking": [], "id": 46}, {"box": [65, 159, 86, 172], "text": "for", "label": "OTHER", "words": [{"box": [65, 159, 86, 172], "text": "for"}], "linking": [], "id": 47}, {"box": [89, 159, 200, 175], "text": "FIORICET Logo", "label": "IMPRINT", "words": [{"box": [89, 159, 160, 172], "text": "FIORICET"}, {"box": [163, 159, 200, 175], "text": "Logo"}], "linking": [[8, 48, "IMPRINT"]], "id": 48}, {"box": [166, 220, 190, 227], "text": "ORICE", "label": "OTHER", "words": [{"box": [166, 220, 190, 227], "text": "ORICE"}], "linking": [], "id": 49}]}]