[{"documentName": "Acetaminophen and codeine_3193.png", "document": "2065 V 4 Pill - white round, 12mm\nPill with imprint 2065 V 4 is White, Round and has been identified as Acetaminophen and Code\nPhosphate 300 mg / 60 mg. It is supplied by Qualitest Pharmaceuticals Inc.\nAcetaminophen/codeine is used in the treatment of Osteoarthritis; Pain: Cough and belongs to\nclass narcotic analgesic combinations. Risk cannot be ruled out during pregnancy.\nImages for 2065 V 4\n2065\n", "form": [{"box": [19, 12, 102, 29], "text": "2065 V 4", "label": "IMPRINT", "words": [{"box": [19, 12, 66, 29], "text": "2065"}, {"box": [69, 12, 85, 28], "text": "V"}, {"box": [89, 12, 102, 28], "text": "4"}], "linking": [[0, 9, "IMPRINT"]], "id": 0}, {"box": [107, 12, 137, 29], "text": "Pill", "label": "PILL", "words": [{"box": [107, 12, 137, 29], "text": "Pill"}], "linking": [[1, 6, "PILL"]], "id": 1}, {"box": [143, 20, 150, 25], "text": "-", "label": "OTHER", "words": [{"box": [143, 20, 150, 25], "text": "-"}], "linking": [], "id": 2}, {"box": [154, 12, 207, 28], "text": "white", "label": "COLOR", "words": [{"box": [154, 12, 207, 28], "text": "white"}], "linking": [[3, 11, "COLOR"]], "id": 3}, {"box": [214, 12, 277, 31], "text": "round,", "label": "SHAPE", "words": [{"box": [214, 12, 277, 31], "text": "round,"}], "linking": [[4, 12, "SHAPE"]], "id": 4}, {"box": [283, 12, 342, 28], "text": "12mm", "label": "SIZE", "words": [{"box": [283, 12, 342, 28], "text": "12mm"}], "linking": [], "id": 5}, {"box": [19, 45, 34, 54], "text": "Pill", "label": "PILL", "words": [{"box": [19, 45, 34, 54], "text": "Pill"}], "linking": [[1, 6, "PILL"]], "id": 6}, {"box": [36, 45, 57, 54], "text": "with", "label": "OTHER", "words": [{"box": [36, 45, 57, 54], "text": "with"}], "linking": [], "id": 7}, {"box": [61, 45, 95, 56], "text": "imprint", "label": "OTHER", "words": [{"box": [61, 45, 95, 56], "text": "imprint"}], "linking": [], "id": 8}, {"box": [98, 45, 144, 54], "text": "2065 V 4", "label": "IMPRINT", "words": [{"box": [98, 45, 124, 54], "text": "2065"}, {"box": [126, 45, 135, 54], "text": "V"}, {"box": [137, 45, 144, 54], "text": "4"}], "linking": [[0, 9, "IMPRINT"], [9, 43, "IMPRINT"]], "id": 9}, {"box": [147, 45, 156, 54], "text": "is", "label": "OTHER", "words": [{"box": [147, 45, 156, 54], "text": "is"}], "linking": [], "id": 10}, {"box": [158, 45, 191, 56], "text": "White,", "label": "COLOR", "words": [{"box": [158, 45, 191, 56], "text": "White,"}], "linking": [[3, 11, "COLOR"]], "id": 11}, {"box": [194, 45, 228, 54], "text": "Round", "label": "SHAPE", "words": [{"box": [194, 45, 228, 54], "text": "Round"}], "linking": [[4, 12, "SHAPE"]], "id": 12}, {"box": [231, 45, 250, 54], "text": "and", "label": "OTHER", "words": [{"box": [231, 45, 250, 54], "text": "and"}], "linking": [], "id": 13}, {"box": [253, 45, 272, 54], "text": "has", "label": "OTHER", "words": [{"box": [253, 45, 272, 54], "text": "has"}], "linking": [], "id": 14}, {"box": [275, 45, 300, 54], "text": "been", "label": "OTHER", "words": [{"box": [275, 45, 300, 54], "text": "been"}], "linking": [], "id": 15}, {"box": [303, 45, 349, 54], "text": "identified", "label": "OTHER", "words": [{"box": [303, 45, 349, 54], "text": "identified"}], "linking": [], "id": 16}, {"box": [352, 47, 364, 54], "text": "as", "label": "OTHER", "words": [{"box": [352, 47, 364, 54], "text": "as"}], "linking": [], "id": 17}, {"box": [19, 45, 498, 74], "text": "Acetaminophen and Code\nPhosphate", "label": "DRUGNAME", "words": [{"box": [367, 45, 447, 56], "text": "Acetaminophen"}, {"box": [449, 45, 469, 54], "text": "and"}, {"box": [472, 45, 498, 54], "text": "Code"}, {"box": [19, 62, 73, 74], "text": "Phosphate"}], "linking": [[18, 25, "DRUGNAME"]], "id": 18}, {"box": [77, 62, 159, 74], "text": "300 mg / 60 mg.", "label": "STRENGTH", "words": [{"box": [77, 62, 96, 71], "text": "300"}, {"box": [99, 64, 115, 74], "text": "mg"}, {"box": [117, 62, 122, 72], "text": "/"}, {"box": [124, 62, 137, 71], "text": "60"}, {"box": [140, 64, 159, 74], "text": "mg."}], "linking": [], "id": 19}, {"box": [162, 62, 169, 71], "text": "It", "label": "OTHER", "words": [{"box": [162, 62, 169, 71], "text": "It"}], "linking": [], "id": 20}, {"box": [172, 62, 180, 71], "text": "is", "label": "OTHER", "words": [{"box": [172, 62, 180, 71], "text": "is"}], "linking": [], "id": 21}, {"box": [183, 62, 226, 74], "text": "supplied", "label": "OTHER", "words": [{"box": [183, 62, 226, 74], "text": "supplied"}], "linking": [], "id": 22}, {"box": [229, 62, 241, 74], "text": "by", "label": "OTHER", "words": [{"box": [229, 62, 241, 74], "text": "by"}], "linking": [], "id": 23}, {"box": [244, 62, 398, 71], "text": "Qualitest Pharmaceuticals Inc.", "label": "SUPPLIER", "words": [{"box": [244, 62, 290, 71], "text": "Qualitest"}, {"box": [293, 62, 377, 71], "text": "Pharmaceuticals"}, {"box": [380, 62, 398, 71], "text": "Inc."}], "linking": [], "id": 24}, {"box": [18, 93, 142, 104], "text": "Acetaminophen/codeine", "label": "DRUGNAME", "words": [{"box": [18, 93, 142, 104], "text": "Acetaminophen/codeine"}], "linking": [[18, 25, "DRUGNAME"]], "id": 25}, {"box": [144, 93, 153, 102], "text": "is", "label": "OTHER", "words": [{"box": [144, 93, 153, 102], "text": "is"}], "linking": [], "id": 26}, {"box": [156, 93, 181, 102], "text": "used", "label": "OTHER", "words": [{"box": [156, 93, 181, 102], "text": "used"}], "linking": [], "id": 27}, {"box": [184, 93, 193, 102], "text": "in", "label": "OTHER", "words": [{"box": [184, 93, 193, 102], "text": "in"}], "linking": [], "id": 28}, {"box": [196, 93, 212, 102], "text": "the", "label": "OTHER", "words": [{"box": [196, 93, 212, 102], "text": "the"}], "linking": [], "id": 29}, {"box": [215, 93, 264, 102], "text": "treatment", "label": "OTHER", "words": [{"box": [215, 93, 264, 102], "text": "treatment"}], "linking": [], "id": 30}, {"box": [266, 93, 277, 102], "text": "of", "label": "OTHER", "words": [{"box": [266, 93, 277, 102], "text": "of"}], "linking": [], "id": 31}, {"box": [280, 93, 350, 103], "text": "Osteoarthritis;", "label": "TREATMENTS", "words": [{"box": [280, 93, 350, 103], "text": "Osteoarthritis;"}], "linking": [[32, 33, "TREATMENTS"]], "id": 32}, {"box": [354, 93, 380, 103], "text": "Pain:", "label": "TREATMENTS", "words": [{"box": [354, 93, 380, 103], "text": "Pain:"}], "linking": [[32, 33, "TREATMENTS"], [34, 33, "TREATMENTS"]], "id": 33}, {"box": [383, 93, 416, 105], "text": "Cough", "label": "TREATMENTS", "words": [{"box": [383, 93, 416, 105], "text": "Cough"}], "linking": [[34, 33, "TREATMENTS"]], "id": 34}, {"box": [420, 93, 439, 102], "text": "and", "label": "OTHER", "words": [{"box": [420, 93, 439, 102], "text": "and"}], "linking": [], "id": 35}, {"box": [442, 93, 482, 105], "text": "belongs", "label": "OTHER", "words": [{"box": [442, 93, 482, 105], "text": "belongs"}], "linking": [], "id": 36}, {"box": [485, 94, 495, 102], "text": "to", "label": "OTHER", "words": [{"box": [485, 94, 495, 102], "text": "to"}], "linking": [], "id": 37}, {"box": [19, 111, 45, 120], "text": "class", "label": "OTHER", "words": [{"box": [19, 111, 45, 120], "text": "class"}], "linking": [], "id": 38}, {"box": [48, 111, 213, 123], "text": "narcotic analgesic combinations.", "label": "DRUGCLASS", "words": [{"box": [48, 111, 89, 120], "text": "narcotic"}, {"box": [91, 111, 140, 123], "text": "analgesic"}, {"box": [143, 111, 213, 120], "text": "combinations."}], "linking": [], "id": 39}, {"box": [216, 111, 433, 123], "text": "Risk cannot be ruled out during pregnancy.", "label": "PREGNANCYCONTROL", "words": [{"box": [216, 111, 239, 120], "text": "Risk"}, {"box": [242, 111, 277, 120], "text": "cannot"}, {"box": [279, 111, 292, 120], "text": "be"}, {"box": [295, 111, 321, 120], "text": "ruled"}, {"box": [323, 112, 340, 120], "text": "out"}, {"box": [343, 111, 375, 123], "text": "during"}, {"box": [378, 113, 433, 123], "text": "pregnancy."}], "linking": [], "id": 40}, {"box": [19, 140, 70, 155], "text": "Images", "label": "OTHER", "words": [{"box": [19, 140, 70, 155], "text": "Images"}], "linking": [], "id": 41}, {"box": [74, 140, 95, 152], "text": "for", "label": "OTHER", "words": [{"box": [74, 140, 95, 152], "text": "for"}], "linking": [], "id": 42}, {"box": [98, 140, 159, 152], "text": "2065 V 4", "label": "IMPRINT", "words": [{"box": [98, 140, 132, 152], "text": "2065"}, {"box": [135, 140, 147, 152], "text": "V"}, {"box": [149, 141, 159, 152], "text": "4"}], "linking": [[9, 43, "IMPRINT"]], "id": 43}, {"box": [43, 201, 81, 213], "text": "2065", "label": "OTHER", "words": [{"box": [43, 201, 81, 213], "text": "2065"}], "linking": [], "id": 44}]}]