[{"documentName": "Acetaminophen and butalbital_3053.png", "document": "HD 567 Pill - white round\nPill with imprint HD 567 is White, Round and has been identified as Acetaminophen, butalbital and\nCaffeine 325 mg / 50 mg/40mg. It is supplied by Halsey Pharm.\nAcetaminophen/butalbital/caffeine is used in the treatment of Headache and belongs to the drug class\nanalgesic combinations Risk cannot be ruled out during pregnancy. Acetaminophen/butalbital/caffeine\n325 mg / 50 mg / 40 mg is not a controlled substance under the Controlled Substances Act (CSA).\nImages for HD 567\nHD\n567\n", "form": [{"box": [16, 9, 84, 25], "text": "HD 567", "label": "IMPRINT", "words": [{"box": [16, 9, 44, 25], "text": "HD"}, {"box": [51, 9, 84, 25], "text": "567"}], "linking": [[0, 7, "IMPRINT"]], "id": 0}, {"box": [91, 9, 120, 25], "text": "Pill", "label": "PILL", "words": [{"box": [91, 9, 120, 25], "text": "Pill"}], "linking": [[1, 4, "PILL"]], "id": 1}, {"box": [127, 9, 191, 26], "text": "- white", "label": "COLOR", "words": [{"box": [127, 18, 134, 21], "text": "-"}, {"box": [138, 9, 191, 26], "text": "white"}], "linking": [[2, 9, "COLOR"]], "id": 2}, {"box": [197, 9, 255, 25], "text": "round", "label": "SHAPE", "words": [{"box": [197, 9, 255, 25], "text": "round"}], "linking": [[3, 10, "SHAPE"]], "id": 3}, {"box": [15, 42, 30, 51], "text": "Pill", "label": "PILL", "words": [{"box": [15, 42, 30, 51], "text": "Pill"}], "linking": [[1, 4, "PILL"]], "id": 4}, {"box": [33, 42, 53, 51], "text": "with", "label": "OTHER", "words": [{"box": [33, 42, 53, 51], "text": "with"}], "linking": [], "id": 5}, {"box": [56, 42, 91, 53], "text": "imprint", "label": "OTHER", "words": [{"box": [56, 42, 91, 53], "text": "imprint"}], "linking": [], "id": 6}, {"box": [94, 42, 133, 51], "text": "HD 567", "label": "IMPRINT", "words": [{"box": [94, 42, 111, 51], "text": "HD"}, {"box": [114, 42, 133, 51], "text": "567"}], "linking": [[0, 7, "IMPRINT"]], "id": 7}, {"box": [136, 42, 145, 51], "text": "is", "label": "OTHER", "words": [{"box": [136, 42, 145, 51], "text": "is"}], "linking": [], "id": 8}, {"box": [147, 42, 180, 53], "text": "White,", "label": "COLOR", "words": [{"box": [147, 42, 180, 53], "text": "White,"}], "linking": [[2, 9, "COLOR"]], "id": 9}, {"box": [183, 42, 217, 51], "text": "Round", "label": "SHAPE", "words": [{"box": [183, 42, 217, 51], "text": "Round"}], "linking": [[3, 10, "SHAPE"]], "id": 10}, {"box": [220, 42, 239, 51], "text": "and", "label": "OTHER", "words": [{"box": [220, 42, 239, 51], "text": "and"}], "linking": [], "id": 11}, {"box": [242, 42, 260, 51], "text": "has", "label": "OTHER", "words": [{"box": [242, 42, 260, 51], "text": "has"}], "linking": [], "id": 12}, {"box": [263, 42, 289, 51], "text": "been", "label": "OTHER", "words": [{"box": [263, 42, 289, 51], "text": "been"}], "linking": [], "id": 13}, {"box": [292, 42, 338, 51], "text": "identified", "label": "OTHER", "words": [{"box": [292, 42, 338, 51], "text": "identified"}], "linking": [], "id": 14}, {"box": [341, 44, 353, 51], "text": "as", "label": "OTHER", "words": [{"box": [341, 44, 353, 51], "text": "as"}], "linking": [], "id": 15}, {"box": [356, 42, 487, 53], "text": "Acetaminophen, butalbital", "label": "DRUGNAME", "words": [{"box": [356, 42, 439, 53], "text": "Acetaminophen,"}, {"box": [442, 42, 487, 51], "text": "butalbital"}], "linking": [[24, 16, "DRUGNAME"], [40, 16, "DRUGNAME"]], "id": 16}, {"box": [490, 42, 509, 51], "text": "and", "label": "OTHER", "words": [{"box": [490, 42, 509, 51], "text": "and"}], "linking": [], "id": 17}, {"box": [15, 59, 184, 71], "text": "Caffeine 325 mg / 50 mg/40mg.", "label": "STRENGTH", "words": [{"box": [15, 59, 57, 68], "text": "Caffeine"}, {"box": [60, 59, 80, 68], "text": "325"}, {"box": [82, 61, 98, 71], "text": "mg"}, {"box": [101, 59, 105, 68], "text": "/"}, {"box": [108, 59, 121, 68], "text": "50"}, {"box": [122, 59, 184, 71], "text": "mg/40mg."}], "linking": [[18, 41, "STRENGTH"]], "id": 18}, {"box": [187, 59, 194, 68], "text": "It", "label": "OTHER", "words": [{"box": [187, 59, 194, 68], "text": "It"}], "linking": [], "id": 19}, {"box": [197, 59, 205, 68], "text": "is", "label": "OTHER", "words": [{"box": [197, 59, 205, 68], "text": "is"}], "linking": [], "id": 20}, {"box": [208, 59, 251, 71], "text": "supplied", "label": "OTHER", "words": [{"box": [208, 59, 251, 71], "text": "supplied"}], "linking": [], "id": 21}, {"box": [254, 59, 266, 71], "text": "by", "label": "OTHER", "words": [{"box": [254, 59, 266, 71], "text": "by"}], "linking": [], "id": 22}, {"box": [269, 59, 344, 71], "text": "Halsey Pharm.", "label": "SUPPLIER", "words": [{"box": [269, 59, 304, 71], "text": "Halsey"}, {"box": [307, 59, 344, 68], "text": "Pharm."}], "linking": [], "id": 23}, {"box": [14, 89, 187, 101], "text": "Acetaminophen/butalbital/caffeine", "label": "DRUGNAME", "words": [{"box": [14, 89, 187, 101], "text": "Acetaminophen/butalbital/caffeine"}], "linking": [[24, 16, "DRUGNAME"]], "id": 24}, {"box": [189, 90, 197, 99], "text": "is", "label": "OTHER", "words": [{"box": [189, 90, 197, 99], "text": "is"}], "linking": [], "id": 25}, {"box": [201, 90, 225, 99], "text": "used", "label": "OTHER", "words": [{"box": [201, 90, 225, 99], "text": "used"}], "linking": [], "id": 26}, {"box": [229, 90, 237, 99], "text": "in", "label": "OTHER", "words": [{"box": [229, 90, 237, 99], "text": "in"}], "linking": [], "id": 27}, {"box": [240, 90, 256, 99], "text": "the", "label": "OTHER", "words": [{"box": [240, 90, 256, 99], "text": "the"}], "linking": [], "id": 28}, {"box": [259, 90, 308, 99], "text": "treatment", "label": "OTHER", "words": [{"box": [259, 90, 308, 99], "text": "treatment"}], "linking": [], "id": 29}, {"box": [311, 90, 322, 99], "text": "of", "label": "OTHER", "words": [{"box": [311, 90, 322, 99], "text": "of"}], "linking": [], "id": 30}, {"box": [324, 90, 376, 99], "text": "Headache", "label": "TREATMENTS", "words": [{"box": [324, 90, 376, 99], "text": "Headache"}], "linking": [], "id": 31}, {"box": [379, 90, 399, 99], "text": "and", "label": "OTHER", "words": [{"box": [379, 90, 399, 99], "text": "and"}], "linking": [], "id": 32}, {"box": [402, 90, 442, 102], "text": "belongs", "label": "OTHER", "words": [{"box": [402, 90, 442, 102], "text": "belongs"}], "linking": [], "id": 33}, {"box": [444, 90, 454, 99], "text": "to", "label": "OTHER", "words": [{"box": [444, 90, 454, 99], "text": "to"}], "linking": [], "id": 34}, {"box": [457, 90, 473, 99], "text": "the", "label": "OTHER", "words": [{"box": [457, 90, 473, 99], "text": "the"}], "linking": [], "id": 35}, {"box": [476, 90, 499, 102], "text": "drug", "label": "OTHER", "words": [{"box": [476, 90, 499, 102], "text": "drug"}], "linking": [], "id": 36}, {"box": [502, 90, 528, 99], "text": "class", "label": "OTHER", "words": [{"box": [502, 90, 528, 99], "text": "class"}], "linking": [], "id": 37}, {"box": [15, 108, 136, 120], "text": "analgesic combinations", "label": "DRUGCLASS", "words": [{"box": [15, 108, 64, 120], "text": "analgesic"}, {"box": [66, 108, 136, 117], "text": "combinations"}], "linking": [], "id": 38}, {"box": [140, 108, 357, 120], "text": "Risk cannot be ruled out during pregnancy.", "label": "PREGNANCYCONTROL", "words": [{"box": [140, 108, 163, 117], "text": "Risk"}, {"box": [165, 108, 200, 117], "text": "cannot"}, {"box": [203, 108, 215, 117], "text": "be"}, {"box": [218, 108, 244, 117], "text": "ruled"}, {"box": [247, 108, 264, 117], "text": "out"}, {"box": [266, 108, 298, 120], "text": "during"}, {"box": [301, 110, 357, 120], "text": "pregnancy."}], "linking": [], "id": 39}, {"box": [358, 107, 530, 119], "text": "Acetaminophen/butalbital/caffeine", "label": "DRUGNAME", "words": [{"box": [358, 107, 530, 119], "text": "Acetaminophen/butalbital/caffeine"}], "linking": [[40, 16, "DRUGNAME"]], "id": 40}, {"box": [15, 126, 135, 138], "text": "325 mg / 50 mg / 40 mg", "label": "STRENGTH", "words": [{"box": [15, 126, 34, 135], "text": "325"}, {"box": [37, 128, 53, 138], "text": "mg"}, {"box": [56, 126, 60, 135], "text": "/"}, {"box": [62, 126, 75, 135], "text": "50"}, {"box": [78, 128, 95, 137], "text": "mg"}, {"box": [97, 126, 101, 135], "text": "/"}, {"box": [104, 126, 117, 135], "text": "40"}, {"box": [120, 128, 135, 138], "text": "mg"}], "linking": [[18, 41, "STRENGTH"]], "id": 41}, {"box": [138, 126, 147, 135], "text": "is", "label": "OTHER", "words": [{"box": [138, 126, 147, 135], "text": "is"}], "linking": [], "id": 42}, {"box": [150, 126, 166, 135], "text": "not", "label": "OTHER", "words": [{"box": [150, 126, 166, 135], "text": "not"}], "linking": [], "id": 43}, {"box": [169, 126, 509, 137], "text": "a controlled substance under the Controlled Substances Act (CSA).", "label": "CSA", "words": [{"box": [169, 128, 175, 135], "text": "a"}, {"box": [178, 126, 228, 135], "text": "controlled"}, {"box": [231, 126, 284, 135], "text": "substance"}, {"box": [286, 126, 316, 135], "text": "under"}, {"box": [318, 126, 335, 135], "text": "the"}, {"box": [338, 126, 390, 135], "text": "Controlled"}, {"box": [393, 126, 453, 135], "text": "Substances"}, {"box": [455, 126, 473, 136], "text": "Act"}, {"box": [476, 126, 509, 137], "text": "(CSA)."}], "linking": [], "id": 44}, {"box": [15, 156, 66, 171], "text": "Images", "label": "OTHER", "words": [{"box": [15, 156, 66, 171], "text": "Images"}], "linking": [], "id": 45}, {"box": [70, 156, 91, 168], "text": "for", "label": "OTHER", "words": [{"box": [70, 156, 91, 168], "text": "for"}], "linking": [], "id": 46}, {"box": [95, 156, 145, 168], "text": "HD 567", "label": "IMPRINT", "words": [{"box": [95, 156, 116, 168], "text": "HD"}, {"box": [120, 156, 145, 168], "text": "567"}], "linking": [[47, 48, "IMPRINT"]], "id": 47}, {"box": [40, 207, 84, 251], "text": "HD\n567", "label": "IMPRINT", "words": [{"box": [42, 207, 83, 229], "text": "HD"}, {"box": [40, 232, 84, 251], "text": "567"}], "linking": [[47, 48, "IMPRINT"]], "id": 48}]}]