[{"documentName": "Acetaminophen and caffeine_3089.png", "document": "AZ 029 Pill - red capsule-shape\nPill with imprint AZ 029 is Red, Capsule-shape and has been identified as Acetaminophen and Caffeine\n500 mg / 65 mg. It is supplied by A&Z Pharmaceutical Inc.\nAcetaminophen/caffeine is used in the treatment of Cold Symptoms; Headache; Pain: Osteoarthritis;\nPeriod Pain and belongs to the drug class analgesic combinations FDA has not classified the drug for\nrisk during pregnancy. Acetaminophen/caffeine 500 mg/65mg is not a controlled substance under the\nControlled Substances Act (CSA).\nImages for AZ 029\n", "form": [{"box": [10, 12, 77, 28], "text": "AZ 029", "label": "IMPRINT", "words": [{"box": [10, 12, 38, 28], "text": "AZ"}, {"box": [43, 12, 77, 28], "text": "029"}], "linking": [[0, 7, "IMPRINT"]], "id": 0}, {"box": [83, 12, 113, 28], "text": "Pill", "label": "PILL", "words": [{"box": [83, 12, 113, 28], "text": "Pill"}], "linking": [[1, 4, "PILL"]], "id": 1}, {"box": [132, 12, 163, 28], "text": "red", "label": "COLOR", "words": [{"box": [132, 12, 163, 28], "text": "red"}], "linking": [[2, 9, "COLOR"]], "id": 2}, {"box": [169, 12, 313, 33], "text": "capsule-shape", "label": "SHAPE", "words": [{"box": [169, 12, 313, 33], "text": "capsule-shape"}], "linking": [[3, 10, "SHAPE"]], "id": 3}, {"box": [10, 45, 25, 54], "text": "Pill", "label": "PILL", "words": [{"box": [10, 45, 25, 54], "text": "Pill"}], "linking": [[1, 4, "PILL"]], "id": 4}, {"box": [28, 45, 48, 54], "text": "with", "label": "OTHER", "words": [{"box": [28, 45, 48, 54], "text": "with"}], "linking": [], "id": 5}, {"box": [52, 45, 86, 56], "text": "imprint", "label": "OTHER", "words": [{"box": [52, 45, 86, 56], "text": "imprint"}], "linking": [], "id": 6}, {"box": [89, 45, 127, 54], "text": "AZ 029", "label": "IMPRINT", "words": [{"box": [89, 45, 105, 54], "text": "AZ"}, {"box": [107, 45, 127, 54], "text": "029"}], "linking": [[0, 7, "IMPRINT"], [7, 51, "IMPRINT"]], "id": 7}, {"box": [130, 45, 138, 54], "text": "is", "label": "OTHER", "words": [{"box": [130, 45, 138, 54], "text": "is"}], "linking": [], "id": 8}, {"box": [142, 45, 165, 55], "text": "Red,", "label": "COLOR", "words": [{"box": [142, 45, 165, 55], "text": "Red,"}], "linking": [[2, 9, "COLOR"]], "id": 9}, {"box": [168, 45, 246, 56], "text": "Capsule-shape", "label": "SHAPE", "words": [{"box": [168, 45, 246, 56], "text": "Capsule-shape"}], "linking": [[3, 10, "SHAPE"]], "id": 10}, {"box": [248, 45, 268, 54], "text": "and", "label": "OTHER", "words": [{"box": [248, 45, 268, 54], "text": "and"}], "linking": [], "id": 11}, {"box": [271, 45, 289, 54], "text": "has", "label": "OTHER", "words": [{"box": [271, 45, 289, 54], "text": "has"}], "linking": [], "id": 12}, {"box": [292, 45, 318, 54], "text": "been", "label": "OTHER", "words": [{"box": [292, 45, 318, 54], "text": "been"}], "linking": [], "id": 13}, {"box": [321, 45, 367, 54], "text": "identified", "label": "OTHER", "words": [{"box": [321, 45, 367, 54], "text": "identified"}], "linking": [], "id": 14}, {"box": [370, 47, 382, 54], "text": "as", "label": "OTHER", "words": [{"box": [370, 47, 382, 54], "text": "as"}], "linking": [], "id": 15}, {"box": [384, 45, 532, 56], "text": "Acetaminophen and Caffeine", "label": "DRUGNAME", "words": [{"box": [384, 45, 464, 56], "text": "Acetaminophen"}, {"box": [467, 45, 486, 54], "text": "and"}, {"box": [489, 45, 532, 54], "text": "Caffeine"}], "linking": [[16, 23, "DRUGNAME"]], "id": 16}, {"box": [10, 62, 92, 74], "text": "500 mg / 65 mg.", "label": "STRENGTH", "words": [{"box": [10, 62, 29, 71], "text": "500"}, {"box": [29, 62, 92, 74], "text": "mg / 65 mg."}], "linking": [[17, 44, "STRENGTH"]], "id": 17}, {"box": [96, 62, 103, 71], "text": "It", "label": "OTHER", "words": [{"box": [96, 62, 103, 71], "text": "It"}], "linking": [], "id": 18}, {"box": [105, 62, 113, 71], "text": "is", "label": "OTHER", "words": [{"box": [105, 62, 113, 71], "text": "is"}], "linking": [], "id": 19}, {"box": [116, 62, 159, 73], "text": "supplied", "label": "OTHER", "words": [{"box": [116, 62, 159, 73], "text": "supplied"}], "linking": [], "id": 20}, {"box": [162, 62, 174, 74], "text": "by", "label": "OTHER", "words": [{"box": [162, 62, 174, 74], "text": "by"}], "linking": [], "id": 21}, {"box": [176, 62, 302, 71], "text": "A&Z Pharmaceutical Inc.", "label": "SUPPLIER", "words": [{"box": [176, 62, 200, 71], "text": "A&Z"}, {"box": [202, 62, 281, 71], "text": "Pharmaceutical"}, {"box": [284, 62, 302, 71], "text": "Inc."}], "linking": [], "id": 22}, {"box": [9, 93, 132, 105], "text": "Acetaminophen/caffeine", "label": "DRUGNAME", "words": [{"box": [9, 93, 132, 105], "text": "Acetaminophen/caffeine"}], "linking": [[16, 23, "DRUGNAME"], [23, 43, "DRUGNAME"]], "id": 23}, {"box": [135, 93, 144, 102], "text": "is", "label": "OTHER", "words": [{"box": [135, 93, 144, 102], "text": "is"}], "linking": [], "id": 24}, {"box": [147, 93, 171, 102], "text": "used", "label": "OTHER", "words": [{"box": [147, 93, 171, 102], "text": "used"}], "linking": [], "id": 25}, {"box": [175, 93, 184, 102], "text": "in", "label": "OTHER", "words": [{"box": [175, 93, 184, 102], "text": "in"}], "linking": [], "id": 26}, {"box": [186, 93, 203, 102], "text": "the", "label": "OTHER", "words": [{"box": [186, 93, 203, 102], "text": "the"}], "linking": [], "id": 27}, {"box": [205, 93, 255, 102], "text": "treatment", "label": "OTHER", "words": [{"box": [205, 93, 255, 102], "text": "treatment"}], "linking": [], "id": 28}, {"box": [257, 93, 268, 102], "text": "of", "label": "OTHER", "words": [{"box": [257, 93, 268, 102], "text": "of"}], "linking": [], "id": 29}, {"box": [270, 93, 354, 105], "text": "Cold Symptoms;", "label": "TREATMENTS", "words": [{"box": [270, 93, 293, 102], "text": "Cold"}, {"box": [297, 93, 354, 105], "text": "Symptoms;"}], "linking": [[30, 31, "TREATMENTS"]], "id": 30}, {"box": [357, 93, 412, 104], "text": "Headache;", "label": "TREATMENTS", "words": [{"box": [357, 93, 412, 104], "text": "Headache;"}], "linking": [[30, 31, "TREATMENTS"]], "id": 31}, {"box": [416, 93, 441, 104], "text": "Pain:", "label": "TREATMENTS", "words": [{"box": [416, 93, 441, 104], "text": "Pain:"}], "linking": [[32, 33, "TREATMENTS"]], "id": 32}, {"box": [445, 93, 516, 104], "text": "Osteoarthritis;", "label": "TREATMENTS", "words": [{"box": [445, 93, 516, 104], "text": "Osteoarthritis;"}], "linking": [[32, 33, "TREATMENTS"], [34, 33, "TREATMENTS"]], "id": 33}, {"box": [10, 111, 69, 120], "text": "Period Pain", "label": "TREATMENTS", "words": [{"box": [10, 111, 43, 120], "text": "Period"}, {"box": [46, 111, 69, 120], "text": "Pain"}], "linking": [[34, 33, "TREATMENTS"]], "id": 34}, {"box": [72, 111, 91, 120], "text": "and", "label": "OTHER", "words": [{"box": [72, 111, 91, 120], "text": "and"}], "linking": [], "id": 35}, {"box": [95, 111, 134, 123], "text": "belongs", "label": "OTHER", "words": [{"box": [95, 111, 134, 123], "text": "belongs"}], "linking": [], "id": 36}, {"box": [137, 112, 147, 120], "text": "to", "label": "OTHER", "words": [{"box": [137, 112, 147, 120], "text": "to"}], "linking": [], "id": 37}, {"box": [150, 111, 166, 121], "text": "the", "label": "OTHER", "words": [{"box": [150, 111, 166, 121], "text": "the"}], "linking": [], "id": 38}, {"box": [169, 111, 192, 123], "text": "drug", "label": "OTHER", "words": [{"box": [169, 111, 192, 123], "text": "drug"}], "linking": [], "id": 39}, {"box": [195, 111, 221, 120], "text": "class", "label": "OTHER", "words": [{"box": [195, 111, 221, 120], "text": "class"}], "linking": [], "id": 40}, {"box": [224, 111, 346, 123], "text": "analgesic combinations", "label": "DRUGCLASS", "words": [{"box": [224, 111, 273, 123], "text": "analgesic"}, {"box": [276, 111, 346, 120], "text": "combinations"}], "linking": [], "id": 41}, {"box": [10, 111, 525, 141], "text": "FDA has not classified the drug for\nrisk during pregnancy.", "label": "PREGNANCYCONTROL", "words": [{"box": [350, 111, 373, 120], "text": "FDA"}, {"box": [375, 111, 394, 120], "text": "has"}, {"box": [397, 111, 413, 121], "text": "not"}, {"box": [416, 111, 463, 120], "text": "classified"}, {"box": [465, 111, 482, 120], "text": "the"}, {"box": [485, 111, 508, 123], "text": "drug"}, {"box": [511, 111, 525, 120], "text": "for"}, {"box": [10, 129, 28, 138], "text": "risk"}, {"box": [31, 129, 62, 141], "text": "during"}, {"box": [66, 131, 121, 141], "text": "pregnancy."}], "linking": [], "id": 42}, {"box": [124, 129, 247, 141], "text": "Acetaminophen/caffeine", "label": "DRUGNAME", "words": [{"box": [124, 129, 247, 141], "text": "Acetaminophen/caffeine"}], "linking": [[23, 43, "DRUGNAME"]], "id": 43}, {"box": [249, 129, 329, 141], "text": "500 mg/65mg", "label": "STRENGTH", "words": [{"box": [249, 129, 269, 139], "text": "500"}, {"box": [272, 129, 329, 141], "text": "mg/65mg"}], "linking": [[17, 44, "STRENGTH"]], "id": 44}, {"box": [332, 129, 340, 138], "text": "is", "label": "OTHER", "words": [{"box": [332, 129, 340, 138], "text": "is"}], "linking": [], "id": 45}, {"box": [343, 129, 360, 138], "text": "not", "label": "OTHER", "words": [{"box": [343, 129, 360, 138], "text": "not"}], "linking": [], "id": 46}, {"box": [362, 131, 369, 138], "text": "a", "label": "OTHER", "words": [{"box": [362, 131, 369, 138], "text": "a"}], "linking": [], "id": 47}, {"box": [10, 129, 528, 160], "text": "controlled substance under the\nControlled Substances Act (CSA).", "label": "CSA", "words": [{"box": [372, 129, 421, 138], "text": "controlled"}, {"box": [425, 129, 477, 138], "text": "substance"}, {"box": [480, 129, 510, 138], "text": "under"}, {"box": [512, 129, 528, 138], "text": "the"}, {"box": [10, 148, 62, 158], "text": "Controlled"}, {"box": [65, 148, 125, 157], "text": "Substances"}, {"box": [127, 148, 144, 157], "text": "Act"}, {"box": [147, 148, 181, 160], "text": "(CSA)."}], "linking": [], "id": 48}, {"box": [10, 176, 61, 192], "text": "Images", "label": "OTHER", "words": [{"box": [10, 176, 61, 192], "text": "Images"}], "linking": [], "id": 49}, {"box": [65, 176, 86, 188], "text": "for", "label": "OTHER", "words": [{"box": [65, 176, 86, 188], "text": "for"}], "linking": [], "id": 50}, {"box": [89, 176, 138, 189], "text": "AZ 029", "label": "IMPRINT", "words": [{"box": [89, 176, 110, 188], "text": "AZ"}, {"box": [113, 176, 138, 189], "text": "029"}], "linking": [[7, 51, "IMPRINT"]], "id": 51}]}]