[{"documentName": "Acetaminophen and codeine_3169.png", "document": "93 350 4 Pill - white round, 10mm\nPill with imprint 93 350 4 is White, Round and has been identified as Acetaminophen and Codeine\nPhosphate 300 mg / 60 mg. It is supplied by Teva Pharmaceuticals USA.\nAcetaminophen/codeine is used in the treatment of Osteoarthritis; Pain: Cough and belongs to the drug\nclass narcotic analgesic combinations Risk cannot be ruled out during pregnancy.\nImages for 93 350 4\n913\n350\nMIC\ne\n", "form": [{"box": [10, 12, 90, 29], "text": "93 350 4", "label": "IMPRINT", "words": [{"box": [10, 12, 32, 28], "text": "93"}, {"box": [39, 12, 73, 29], "text": "350"}, {"box": [78, 12, 90, 28], "text": "4"}], "linking": [[0, 9, "IMPRINT"], [0, 44, "IMPRINT"]], "id": 0}, {"box": [96, 12, 126, 29], "text": "Pill", "label": "PILL", "words": [{"box": [96, 12, 126, 29], "text": "Pill"}], "linking": [[1, 6, "PILL"]], "id": 1}, {"box": [132, 20, 139, 25], "text": "-", "label": "OTHER", "words": [{"box": [132, 20, 139, 25], "text": "-"}], "linking": [], "id": 2}, {"box": [143, 12, 196, 29], "text": "white", "label": "COLOR", "words": [{"box": [143, 12, 196, 29], "text": "white"}], "linking": [[3, 11, "COLOR"]], "id": 3}, {"box": [202, 12, 265, 32], "text": "round,", "label": "SHAPE", "words": [{"box": [202, 12, 265, 32], "text": "round,"}], "linking": [[4, 12, "SHAPE"]], "id": 4}, {"box": [272, 12, 331, 29], "text": "10mm", "label": "SIZE", "words": [{"box": [272, 12, 331, 29], "text": "10mm"}], "linking": [], "id": 5}, {"box": [10, 45, 25, 54], "text": "Pill", "label": "PILL", "words": [{"box": [10, 45, 25, 54], "text": "Pill"}], "linking": [[1, 6, "PILL"]], "id": 6}, {"box": [28, 45, 48, 54], "text": "with", "label": "OTHER", "words": [{"box": [28, 45, 48, 54], "text": "with"}], "linking": [], "id": 7}, {"box": [51, 45, 87, 57], "text": "imprint", "label": "OTHER", "words": [{"box": [51, 45, 87, 57], "text": "imprint"}], "linking": [], "id": 8}, {"box": [89, 45, 134, 54], "text": "93 350 4", "label": "IMPRINT", "words": [{"box": [89, 45, 102, 54], "text": "93"}, {"box": [104, 45, 124, 54], "text": "350"}, {"box": [127, 45, 134, 54], "text": "4"}], "linking": [[0, 9, "IMPRINT"]], "id": 9}, {"box": [137, 45, 145, 54], "text": "is", "label": "OTHER", "words": [{"box": [137, 45, 145, 54], "text": "is"}], "linking": [], "id": 10}, {"box": [148, 45, 180, 56], "text": "White,", "label": "COLOR", "words": [{"box": [148, 45, 180, 56], "text": "White,"}], "linking": [[3, 11, "COLOR"]], "id": 11}, {"box": [184, 45, 218, 54], "text": "Round", "label": "SHAPE", "words": [{"box": [184, 45, 218, 54], "text": "Round"}], "linking": [[4, 12, "SHAPE"]], "id": 12}, {"box": [221, 45, 240, 54], "text": "and", "label": "OTHER", "words": [{"box": [221, 45, 240, 54], "text": "and"}], "linking": [], "id": 13}, {"box": [243, 45, 261, 54], "text": "has", "label": "OTHER", "words": [{"box": [243, 45, 261, 54], "text": "has"}], "linking": [], "id": 14}, {"box": [264, 45, 290, 54], "text": "been", "label": "OTHER", "words": [{"box": [264, 45, 290, 54], "text": "been"}], "linking": [], "id": 15}, {"box": [293, 45, 339, 55], "text": "identified", "label": "OTHER", "words": [{"box": [293, 45, 339, 55], "text": "identified"}], "linking": [], "id": 16}, {"box": [342, 47, 354, 54], "text": "as", "label": "OTHER", "words": [{"box": [342, 47, 354, 54], "text": "as"}], "linking": [], "id": 17}, {"box": [10, 45, 504, 74], "text": "Acetaminophen and Codeine\nPhosphate", "label": "DRUGNAME", "words": [{"box": [356, 45, 436, 57], "text": "Acetaminophen"}, {"box": [439, 45, 458, 54], "text": "and"}, {"box": [462, 45, 504, 54], "text": "Codeine"}, {"box": [10, 62, 65, 74], "text": "Phosphate"}], "linking": [[25, 18, "DRUGNAME"]], "id": 18}, {"box": [68, 62, 149, 73], "text": "300 mg / 60 mg.", "label": "STRENGTH", "words": [{"box": [68, 62, 87, 71], "text": "300"}, {"box": [89, 63, 106, 73], "text": "mg"}, {"box": [108, 62, 112, 71], "text": "/"}, {"box": [115, 62, 128, 71], "text": "60"}, {"box": [130, 63, 149, 73], "text": "mg."}], "linking": [], "id": 19}, {"box": [154, 62, 160, 71], "text": "It", "label": "OTHER", "words": [{"box": [154, 62, 160, 71], "text": "It"}], "linking": [], "id": 20}, {"box": [163, 62, 171, 71], "text": "is", "label": "OTHER", "words": [{"box": [163, 62, 171, 71], "text": "is"}], "linking": [], "id": 21}, {"box": [174, 62, 217, 74], "text": "supplied", "label": "OTHER", "words": [{"box": [174, 62, 217, 74], "text": "supplied"}], "linking": [], "id": 22}, {"box": [220, 62, 233, 74], "text": "by", "label": "OTHER", "words": [{"box": [220, 62, 233, 74], "text": "by"}], "linking": [], "id": 23}, {"box": [235, 61, 347, 72], "text": "Teva Pharmaceuticals", "label": "SUPPLIER", "words": [{"box": [235, 62, 259, 71], "text": "Teva"}, {"box": [263, 61, 347, 72], "text": "Pharmaceuticals"}], "linking": [], "id": 24}, {"box": [9, 62, 376, 105], "text": "USA.\nAcetaminophen/codeine", "label": "DRUGNAME", "words": [{"box": [350, 62, 376, 71], "text": "USA."}, {"box": [9, 92, 133, 105], "text": "Acetaminophen/codeine"}], "linking": [[25, 18, "DRUGNAME"]], "id": 25}, {"box": [135, 93, 144, 102], "text": "is", "label": "OTHER", "words": [{"box": [135, 93, 144, 102], "text": "is"}], "linking": [], "id": 26}, {"box": [147, 93, 172, 102], "text": "used", "label": "OTHER", "words": [{"box": [147, 93, 172, 102], "text": "used"}], "linking": [], "id": 27}, {"box": [175, 93, 184, 102], "text": "in", "label": "OTHER", "words": [{"box": [175, 93, 184, 102], "text": "in"}], "linking": [], "id": 28}, {"box": [187, 93, 203, 102], "text": "the", "label": "OTHER", "words": [{"box": [187, 93, 203, 102], "text": "the"}], "linking": [], "id": 29}, {"box": [206, 93, 255, 103], "text": "treatment", "label": "OTHER", "words": [{"box": [206, 93, 255, 103], "text": "treatment"}], "linking": [], "id": 30}, {"box": [257, 93, 268, 102], "text": "of", "label": "OTHER", "words": [{"box": [257, 93, 268, 102], "text": "of"}], "linking": [], "id": 31}, {"box": [271, 93, 341, 104], "text": "Osteoarthritis;", "label": "TREATMENTS", "words": [{"box": [271, 93, 341, 104], "text": "Osteoarthritis;"}], "linking": [[32, 33, "TREATMENTS"]], "id": 32}, {"box": [345, 93, 370, 104], "text": "Pain:", "label": "TREATMENTS", "words": [{"box": [345, 93, 370, 104], "text": "Pain:"}], "linking": [[32, 33, "TREATMENTS"], [33, 34, "TREATMENTS"]], "id": 33}, {"box": [374, 93, 407, 105], "text": "Cough", "label": "TREATMENTS", "words": [{"box": [374, 93, 407, 105], "text": "Cough"}], "linking": [[33, 34, "TREATMENTS"]], "id": 34}, {"box": [411, 93, 430, 102], "text": "and", "label": "OTHER", "words": [{"box": [411, 93, 430, 102], "text": "and"}], "linking": [], "id": 35}, {"box": [433, 93, 473, 105], "text": "belongs", "label": "OTHER", "words": [{"box": [433, 93, 473, 105], "text": "belongs"}], "linking": [], "id": 36}, {"box": [476, 93, 486, 102], "text": "to", "label": "OTHER", "words": [{"box": [476, 93, 486, 102], "text": "to"}], "linking": [], "id": 37}, {"box": [488, 93, 505, 102], "text": "the", "label": "OTHER", "words": [{"box": [488, 93, 505, 102], "text": "the"}], "linking": [], "id": 38}, {"box": [507, 93, 530, 105], "text": "drug", "label": "OTHER", "words": [{"box": [507, 93, 530, 105], "text": "drug"}], "linking": [], "id": 39}, {"box": [10, 111, 204, 123], "text": "class narcotic analgesic combinations", "label": "DRUGCLASS", "words": [{"box": [10, 111, 36, 121], "text": "class"}, {"box": [39, 111, 80, 121], "text": "narcotic"}, {"box": [82, 111, 131, 123], "text": "analgesic"}, {"box": [134, 111, 204, 121], "text": "combinations"}], "linking": [], "id": 40}, {"box": [207, 111, 424, 123], "text": "Risk cannot be ruled out during pregnancy.", "label": "PREGNANCYCONTROL", "words": [{"box": [207, 111, 230, 120], "text": "Risk"}, {"box": [233, 111, 267, 121], "text": "cannot"}, {"box": [270, 111, 283, 120], "text": "be"}, {"box": [286, 111, 311, 120], "text": "ruled"}, {"box": [315, 112, 331, 120], "text": "out"}, {"box": [334, 111, 366, 123], "text": "during"}, {"box": [369, 113, 424, 123], "text": "pregnancy."}], "linking": [], "id": 41}, {"box": [10, 140, 61, 156], "text": "Images", "label": "OTHER", "words": [{"box": [10, 140, 61, 156], "text": "Images"}], "linking": [], "id": 42}, {"box": [65, 140, 86, 152], "text": "for", "label": "OTHER", "words": [{"box": [65, 140, 86, 152], "text": "for"}], "linking": [], "id": 43}, {"box": [89, 140, 148, 153], "text": "93 350 4", "label": "IMPRINT", "words": [{"box": [89, 140, 106, 153], "text": "93"}, {"box": [110, 140, 136, 152], "text": "350"}, {"box": [139, 141, 148, 152], "text": "4"}], "linking": [[0, 44, "IMPRINT"]], "id": 44}, {"box": [84, 203, 104, 213], "text": "913", "label": "OTHER", "words": [{"box": [84, 203, 104, 213], "text": "913"}], "linking": [], "id": 45}, {"box": [78, 216, 111, 228], "text": "350", "label": "OTHER", "words": [{"box": [78, 216, 111, 228], "text": "350"}], "linking": [], "id": 46}, {"box": [259, 238, 284, 258], "text": "MIC", "label": "OTHER", "words": [{"box": [259, 238, 284, 258], "text": "MIC"}], "linking": [], "id": 47}, {"box": [194, 288, 260, 293], "text": "e", "label": "OTHER", "words": [{"box": [194, 288, 260, 293], "text": "e"}], "linking": [], "id": 48}]}]