[{"documentName": "Acetaminophen and caffeine_3091.png", "document": "L374 Pill - white capsule-shape\nPill with imprint L374 is White, Capsule-shape and has been identified as Acetaminophen, Aspirin and\nCaffeine 250 mg/250 mg / 65 mg. It is supplied by Perrigo Company.\nAcetaminophen/aspirin/caffeine is used in the treatment of Osteoarthritis; Pain/Fever Migraine and\nbelongs to the drug class analgesic combinations FDA has not classified the drug for risk during\npregnancy. Acetaminophen/aspirin/caffeine 250 mg/250 mg/65 mg is not a controlled substance\nunder the Controlled Substances Act (CSA).\nImages for L374\n", "form": [{"box": [10, 12, 57, 28], "text": "L374", "label": "IMPRINT", "words": [{"box": [10, 12, 57, 28], "text": "L374"}], "linking": [[0, 8, "IMPRINT"]], "id": 0}, {"box": [63, 12, 93, 28], "text": "Pill", "label": "PILL", "words": [{"box": [63, 12, 93, 28], "text": "Pill"}], "linking": [[1, 5, "PILL"]], "id": 1}, {"box": [99, 20, 106, 25], "text": "-", "label": "OTHER", "words": [{"box": [99, 20, 106, 25], "text": "-"}], "linking": [], "id": 2}, {"box": [110, 12, 163, 29], "text": "white", "label": "COLOR", "words": [{"box": [110, 12, 163, 29], "text": "white"}], "linking": [[10, 3, "COLOR"]], "id": 3}, {"box": [169, 12, 312, 33], "text": "capsule-shape", "label": "SHAPE", "words": [{"box": [169, 12, 312, 33], "text": "capsule-shape"}], "linking": [[4, 11, "SHAPE"]], "id": 4}, {"box": [10, 44, 25, 54], "text": "Pill", "label": "PILL", "words": [{"box": [10, 44, 25, 54], "text": "Pill"}], "linking": [[1, 5, "PILL"]], "id": 5}, {"box": [27, 45, 48, 54], "text": "with", "label": "OTHER", "words": [{"box": [27, 45, 48, 54], "text": "with"}], "linking": [], "id": 6}, {"box": [52, 45, 86, 56], "text": "imprint", "label": "OTHER", "words": [{"box": [52, 45, 86, 56], "text": "imprint"}], "linking": [], "id": 7}, {"box": [89, 45, 115, 54], "text": "L374", "label": "IMPRINT", "words": [{"box": [89, 45, 115, 54], "text": "L374"}], "linking": [[0, 8, "IMPRINT"], [50, 8, "IMPRINT"]], "id": 8}, {"box": [118, 45, 127, 54], "text": "is", "label": "OTHER", "words": [{"box": [118, 45, 127, 54], "text": "is"}], "linking": [], "id": 9}, {"box": [129, 45, 162, 56], "text": "White,", "label": "COLOR", "words": [{"box": [129, 45, 162, 56], "text": "White,"}], "linking": [[10, 3, "COLOR"]], "id": 10}, {"box": [165, 45, 242, 57], "text": "Capsule-shape", "label": "SHAPE", "words": [{"box": [165, 45, 242, 57], "text": "Capsule-shape"}], "linking": [[4, 11, "SHAPE"]], "id": 11}, {"box": [245, 45, 265, 54], "text": "and", "label": "OTHER", "words": [{"box": [245, 45, 265, 54], "text": "and"}], "linking": [], "id": 12}, {"box": [268, 45, 286, 54], "text": "has", "label": "OTHER", "words": [{"box": [268, 45, 286, 54], "text": "has"}], "linking": [], "id": 13}, {"box": [289, 45, 315, 54], "text": "been", "label": "OTHER", "words": [{"box": [289, 45, 315, 54], "text": "been"}], "linking": [], "id": 14}, {"box": [317, 45, 364, 54], "text": "identified", "label": "OTHER", "words": [{"box": [317, 45, 364, 54], "text": "identified"}], "linking": [], "id": 15}, {"box": [366, 47, 379, 54], "text": "as", "label": "OTHER", "words": [{"box": [366, 47, 379, 54], "text": "as"}], "linking": [], "id": 16}, {"box": [9, 45, 524, 72], "text": "Acetaminophen, Aspirin and\nCaffeine", "label": "DRUGNAME", "words": [{"box": [381, 45, 464, 56], "text": "Acetaminophen,"}, {"box": [466, 45, 502, 56], "text": "Aspirin"}, {"box": [505, 45, 524, 54], "text": "and"}, {"box": [9, 61, 52, 72], "text": "Caffeine"}], "linking": [[17, 24, "DRUGNAME"]], "id": 17}, {"box": [55, 62, 185, 74], "text": "250 mg/250 mg / 65 mg.", "label": "SHAPE", "words": [{"box": [55, 62, 74, 71], "text": "250"}, {"box": [77, 62, 142, 74], "text": "mg/250 mg"}, {"box": [143, 62, 148, 71], "text": "/"}, {"box": [150, 62, 163, 72], "text": "65"}, {"box": [166, 64, 185, 74], "text": "mg."}], "linking": [[18, 43, "STRENGTH"]], "id": 18}, {"box": [189, 62, 196, 71], "text": "It", "label": "OTHER", "words": [{"box": [189, 62, 196, 71], "text": "It"}], "linking": [], "id": 19}, {"box": [198, 62, 207, 71], "text": "is", "label": "OTHER", "words": [{"box": [198, 62, 207, 71], "text": "is"}], "linking": [], "id": 20}, {"box": [209, 62, 252, 74], "text": "supplied", "label": "OTHER", "words": [{"box": [209, 62, 252, 74], "text": "supplied"}], "linking": [], "id": 21}, {"box": [255, 62, 268, 74], "text": "by", "label": "OTHER", "words": [{"box": [255, 62, 268, 74], "text": "by"}], "linking": [], "id": 22}, {"box": [270, 61, 362, 74], "text": "Perrigo Company.", "label": "SUPPLIER", "words": [{"box": [270, 62, 308, 74], "text": "Perrigo"}, {"box": [310, 61, 362, 74], "text": "Company."}], "linking": [], "id": 23}, {"box": [8, 93, 169, 104], "text": "Acetaminophen/aspirin/caffeine", "label": "DRUGNAME", "words": [{"box": [8, 93, 169, 104], "text": "Acetaminophen/aspirin/caffeine"}], "linking": [[17, 24, "DRUGNAME"], [24, 42, "DRUGNAME"]], "id": 24}, {"box": [172, 93, 181, 102], "text": "is", "label": "OTHER", "words": [{"box": [172, 93, 181, 102], "text": "is"}], "linking": [], "id": 25}, {"box": [184, 93, 209, 102], "text": "used", "label": "OTHER", "words": [{"box": [184, 93, 209, 102], "text": "used"}], "linking": [], "id": 26}, {"box": [211, 93, 221, 102], "text": "in", "label": "OTHER", "words": [{"box": [211, 93, 221, 102], "text": "in"}], "linking": [], "id": 27}, {"box": [223, 93, 240, 102], "text": "the", "label": "OTHER", "words": [{"box": [223, 93, 240, 102], "text": "the"}], "linking": [], "id": 28}, {"box": [242, 93, 292, 102], "text": "treatment", "label": "OTHER", "words": [{"box": [242, 93, 292, 102], "text": "treatment"}], "linking": [], "id": 29}, {"box": [294, 92, 304, 102], "text": "of", "label": "OTHER", "words": [{"box": [294, 92, 304, 102], "text": "of"}], "linking": [], "id": 30}, {"box": [307, 92, 378, 104], "text": "Osteoarthritis;", "label": "TREATMENTS", "words": [{"box": [307, 92, 378, 104], "text": "Osteoarthritis;"}], "linking": [[31, 32, "TREATMENTS"]], "id": 31}, {"box": [381, 92, 440, 104], "text": "Pain/Fever", "label": "TREATMENTS", "words": [{"box": [381, 92, 440, 104], "text": "Pain/Fever"}], "linking": [[31, 32, "TREATMENTS"], [32, 33, "TREATMENTS"]], "id": 32}, {"box": [443, 92, 487, 105], "text": "Migraine", "label": "TREATMENTS", "words": [{"box": [443, 92, 487, 105], "text": "Migraine"}], "linking": [[32, 33, "TREATMENTS"]], "id": 33}, {"box": [490, 93, 509, 102], "text": "and", "label": "OTHER", "words": [{"box": [490, 93, 509, 102], "text": "and"}], "linking": [], "id": 34}, {"box": [10, 111, 50, 123], "text": "belongs", "label": "OTHER", "words": [{"box": [10, 111, 50, 123], "text": "belongs"}], "linking": [], "id": 35}, {"box": [53, 111, 63, 120], "text": "to", "label": "OTHER", "words": [{"box": [53, 111, 63, 120], "text": "to"}], "linking": [], "id": 36}, {"box": [65, 111, 81, 120], "text": "the", "label": "OTHER", "words": [{"box": [65, 111, 81, 120], "text": "the"}], "linking": [], "id": 37}, {"box": [85, 111, 107, 123], "text": "drug", "label": "OTHER", "words": [{"box": [85, 111, 107, 123], "text": "drug"}], "linking": [], "id": 38}, {"box": [111, 111, 137, 120], "text": "class", "label": "OTHER", "words": [{"box": [111, 111, 137, 120], "text": "class"}], "linking": [], "id": 39}, {"box": [140, 111, 262, 123], "text": "analgesic combinations", "label": "DRUGCLASS", "words": [{"box": [140, 111, 189, 123], "text": "analgesic"}, {"box": [191, 111, 262, 121], "text": "combinations"}], "linking": [], "id": 40}, {"box": [9, 110, 496, 141], "text": "FDA has not classified the drug for risk during\npregnancy.", "label": "PREGNANCYCONTROL", "words": [{"box": [265, 110, 288, 120], "text": "FDA"}, {"box": [291, 111, 309, 120], "text": "has"}, {"box": [312, 111, 329, 120], "text": "not"}, {"box": [331, 110, 378, 121], "text": "classified"}, {"box": [381, 111, 397, 120], "text": "the"}, {"box": [400, 111, 424, 123], "text": "drug"}, {"box": [426, 110, 440, 120], "text": "for"}, {"box": [443, 111, 461, 120], "text": "risk"}, {"box": [463, 111, 496, 123], "text": "during"}, {"box": [9, 130, 65, 141], "text": "pregnancy."}], "linking": [], "id": 41}, {"box": [67, 128, 227, 140], "text": "Acetaminophen/aspirin/caffeine", "label": "DRUGNAME", "words": [{"box": [67, 128, 227, 140], "text": "Acetaminophen/aspirin/caffeine"}], "linking": [[24, 42, "DRUGNAME"]], "id": 42}, {"box": [230, 128, 357, 141], "text": "250 mg/250 mg/65 mg", "label": "SHAPE", "words": [{"box": [230, 129, 250, 139], "text": "250"}, {"box": [252, 128, 297, 141], "text": "mg/250"}, {"box": [300, 128, 339, 141], "text": "mg/65"}, {"box": [341, 131, 357, 141], "text": "mg"}], "linking": [[18, 43, "STRENGTH"]], "id": 43}, {"box": [360, 129, 369, 138], "text": "is", "label": "OTHER", "words": [{"box": [360, 129, 369, 138], "text": "is"}], "linking": [], "id": 44}, {"box": [372, 129, 389, 138], "text": "not", "label": "OTHER", "words": [{"box": [372, 129, 389, 138], "text": "not"}], "linking": [], "id": 45}, {"box": [391, 131, 398, 138], "text": "a", "label": "OTHER", "words": [{"box": [391, 131, 398, 138], "text": "a"}], "linking": [], "id": 46}, {"box": [10, 129, 506, 159], "text": "controlled substance\nunder the Controlled Substances Act (CSA).", "label": "CSA", "words": [{"box": [400, 129, 450, 138], "text": "controlled"}, {"box": [453, 129, 506, 138], "text": "substance"}, {"box": [10, 148, 39, 157], "text": "under"}, {"box": [42, 148, 58, 157], "text": "the"}, {"box": [61, 147, 113, 157], "text": "Controlled"}, {"box": [116, 147, 177, 158], "text": "Substances"}, {"box": [178, 148, 196, 157], "text": "Act"}, {"box": [198, 147, 232, 159], "text": "(CSA)."}], "linking": [], "id": 47}, {"box": [10, 176, 61, 191], "text": "Images", "label": "OTHER", "words": [{"box": [10, 176, 61, 191], "text": "Images"}], "linking": [], "id": 48}, {"box": [65, 176, 86, 188], "text": "for", "label": "OTHER", "words": [{"box": [65, 176, 86, 188], "text": "for"}], "linking": [], "id": 49}, {"box": [90, 176, 124, 188], "text": "L374", "label": "IMPRINT", "words": [{"box": [90, 176, 124, 188], "text": "L374"}], "linking": [[50, 8, "IMPRINT"]], "id": 50}]}]