[{"documentName": "Acetaminophen and dextromethorphan_3262.png", "document": "RPD Pill - orange capsule-shape\nPill with imprint RPD is Orange, Capsule-shape and has been identified as Acetaminophen,\nDextromethorphan Hydrobromide and Phenylephrine Hydrochloride 325 mg / 10 mg / 5 mg. It is\nsupplied by Robinson Pharma, Inc.\nAcetaminophen/dextromethorphan/phenylephrined is used in the treatment of Nasal Congestion:\nPain/Fever Sinus Symptoms; Cough: Cough and Nasal Congestion and belongs to the drug class\nupper respiratory combinations. FDA has not classified the drug for risk during pregnancy.\nAcetaminophen/dextromethorphan/phenylephrine 325 mg/10 mg / 5 mg is not a controlled substance\nunder the Controlled Substances Act (CSA).\nImages for RPD\nNo Image Available\n", "form": [{"box": [19, 12, 62, 28], "text": "RPD", "label": "IMPRINT", "words": [{"box": [19, 12, 62, 28], "text": "RPD"}], "linking": [[0, 8, "IMPRINT"], [0, 51, "IMPRINT"]], "id": 0}, {"box": [69, 11, 99, 28], "text": "Pill", "label": "PILL", "words": [{"box": [69, 11, 99, 28], "text": "Pill"}], "linking": [[1, 5, "PILL"]], "id": 1}, {"box": [105, 20, 111, 24], "text": "-", "label": "OTHER", "words": [{"box": [105, 20, 111, 24], "text": "-"}], "linking": [], "id": 2}, {"box": [117, 15, 185, 33], "text": "orange", "label": "COLOR", "words": [{"box": [117, 15, 185, 33], "text": "orange"}], "linking": [[3, 10, "COLOR"]], "id": 3}, {"box": [190, 12, 333, 32], "text": "capsule-shape", "label": "SHAPE", "words": [{"box": [190, 12, 333, 32], "text": "capsule-shape"}], "linking": [[4, 11, "SHAPE"]], "id": 4}, {"box": [18, 44, 34, 55], "text": "Pill", "label": "PILL", "words": [{"box": [18, 44, 34, 55], "text": "Pill"}], "linking": [[1, 5, "PILL"]], "id": 5}, {"box": [36, 44, 58, 54], "text": "with", "label": "OTHER", "words": [{"box": [36, 44, 58, 54], "text": "with"}], "linking": [], "id": 6}, {"box": [60, 45, 95, 56], "text": "imprint", "label": "OTHER", "words": [{"box": [60, 45, 95, 56], "text": "imprint"}], "linking": [], "id": 7}, {"box": [98, 45, 122, 54], "text": "RPD", "label": "IMPRINT", "words": [{"box": [98, 45, 122, 54], "text": "RPD"}], "linking": [[0, 8, "IMPRINT"]], "id": 8}, {"box": [125, 45, 134, 54], "text": "is", "label": "OTHER", "words": [{"box": [125, 45, 134, 54], "text": "is"}], "linking": [], "id": 9}, {"box": [136, 44, 178, 57], "text": "Orange,", "label": "COLOR", "words": [{"box": [136, 44, 178, 57], "text": "Orange,"}], "linking": [[3, 10, "COLOR"]], "id": 10}, {"box": [181, 44, 258, 56], "text": "Capsule-shape", "label": "SHAPE", "words": [{"box": [181, 44, 258, 56], "text": "Capsule-shape"}], "linking": [[4, 11, "SHAPE"]], "id": 11}, {"box": [261, 45, 280, 54], "text": "and", "label": "OTHER", "words": [{"box": [261, 45, 280, 54], "text": "and"}], "linking": [], "id": 12}, {"box": [283, 45, 302, 54], "text": "has", "label": "OTHER", "words": [{"box": [283, 45, 302, 54], "text": "has"}], "linking": [], "id": 13}, {"box": [305, 45, 330, 54], "text": "been", "label": "OTHER", "words": [{"box": [305, 45, 330, 54], "text": "been"}], "linking": [], "id": 14}, {"box": [333, 44, 379, 54], "text": "identified", "label": "OTHER", "words": [{"box": [333, 44, 379, 54], "text": "identified"}], "linking": [], "id": 15}, {"box": [382, 47, 395, 54], "text": "as", "label": "OTHER", "words": [{"box": [382, 47, 395, 54], "text": "as"}], "linking": [], "id": 16}, {"box": [19, 45, 479, 74], "text": "Acetaminophen,\nDextromethorphan Hydrobromide and Phenylephrine Hydrochloride", "label": "DRUGNAME", "words": [{"box": [397, 45, 479, 56], "text": "Acetaminophen,"}, {"box": [19, 61, 114, 74], "text": "Dextromethorphan"}, {"box": [117, 61, 188, 74], "text": "Hydrobromide"}, {"box": [191, 61, 211, 71], "text": "and"}, {"box": [214, 61, 287, 74], "text": "Phenylephrine"}, {"box": [290, 61, 361, 74], "text": "Hydrochloride"}], "linking": [[17, 24, "DRUGNAME"]], "id": 17}, {"box": [363, 61, 480, 74], "text": "325 mg / 10 mg / 5 mg.", "label": "STRENGTH", "words": [{"box": [363, 61, 383, 71], "text": "325"}, {"box": [386, 64, 402, 74], "text": "mg"}, {"box": [404, 62, 408, 72], "text": "/"}, {"box": [411, 62, 480, 74], "text": "10 mg / 5 mg."}], "linking": [[18, 44, "STRENGTH"]], "id": 18}, {"box": [484, 62, 491, 71], "text": "It", "label": "OTHER", "words": [{"box": [484, 62, 491, 71], "text": "It"}], "linking": [], "id": 19}, {"box": [494, 62, 502, 71], "text": "is", "label": "OTHER", "words": [{"box": [494, 62, 502, 71], "text": "is"}], "linking": [], "id": 20}, {"box": [18, 81, 62, 93], "text": "supplied", "label": "OTHER", "words": [{"box": [18, 81, 62, 93], "text": "supplied"}], "linking": [], "id": 21}, {"box": [64, 81, 77, 93], "text": "by", "label": "OTHER", "words": [{"box": [64, 81, 77, 93], "text": "by"}], "linking": [], "id": 22}, {"box": [80, 81, 195, 92], "text": "Robinson Pharma, Inc.", "label": "SUPPLIER", "words": [{"box": [80, 81, 128, 91], "text": "Robinson"}, {"box": [131, 81, 174, 92], "text": "Pharma,"}, {"box": [178, 81, 195, 91], "text": "Inc."}], "linking": [], "id": 23}, {"box": [21, 111, 270, 123], "text": "Acetaminophen/dextromethorphan/phenylephrined", "label": "DRUGNAME", "words": [{"box": [21, 111, 270, 123], "text": "Acetaminophen/dextromethorphan/phenylephrined"}], "linking": [[17, 24, "DRUGNAME"], [24, 43, "DRUGNAME"]], "id": 24}, {"box": [272, 111, 281, 120], "text": "is", "label": "OTHER", "words": [{"box": [272, 111, 281, 120], "text": "is"}], "linking": [], "id": 25}, {"box": [283, 111, 308, 120], "text": "used", "label": "OTHER", "words": [{"box": [283, 111, 308, 120], "text": "used"}], "linking": [], "id": 26}, {"box": [311, 111, 320, 120], "text": "in", "label": "OTHER", "words": [{"box": [311, 111, 320, 120], "text": "in"}], "linking": [], "id": 27}, {"box": [323, 111, 339, 120], "text": "the", "label": "OTHER", "words": [{"box": [323, 111, 339, 120], "text": "the"}], "linking": [], "id": 28}, {"box": [342, 111, 392, 120], "text": "treatment", "label": "OTHER", "words": [{"box": [342, 111, 392, 120], "text": "treatment"}], "linking": [], "id": 29}, {"box": [394, 110, 404, 120], "text": "of", "label": "OTHER", "words": [{"box": [394, 110, 404, 120], "text": "of"}], "linking": [], "id": 30}, {"box": [407, 110, 500, 123], "text": "Nasal Congestion:", "label": "TREATMENTS", "words": [{"box": [407, 110, 436, 121], "text": "Nasal"}, {"box": [439, 110, 500, 123], "text": "Congestion:"}], "linking": [[31, 32, "TREATMENTS"]], "id": 31}, {"box": [19, 128, 169, 141], "text": "Pain/Fever Sinus Symptoms;", "label": "TREATMENTS", "words": [{"box": [19, 128, 77, 140], "text": "Pain/Fever"}, {"box": [80, 128, 109, 138], "text": "Sinus"}, {"box": [112, 128, 169, 141], "text": "Symptoms;"}], "linking": [[31, 32, "TREATMENTS"]], "id": 32}, {"box": [173, 128, 209, 141], "text": "Cough:", "label": "TREATMENTS", "words": [{"box": [173, 128, 209, 141], "text": "Cough:"}], "linking": [[33, 34, "TREATMENTS"]], "id": 33}, {"box": [212, 128, 362, 141], "text": "Cough and Nasal Congestion", "label": "TREATMENTS", "words": [{"box": [212, 128, 246, 141], "text": "Cough"}, {"box": [249, 129, 268, 138], "text": "and"}, {"box": [272, 129, 301, 139], "text": "Nasal"}, {"box": [304, 128, 362, 141], "text": "Congestion"}], "linking": [[33, 34, "TREATMENTS"]], "id": 34}, {"box": [365, 128, 384, 138], "text": "and", "label": "OTHER", "words": [{"box": [365, 128, 384, 138], "text": "and"}], "linking": [], "id": 35}, {"box": [387, 128, 427, 141], "text": "belongs", "label": "OTHER", "words": [{"box": [387, 128, 427, 141], "text": "belongs"}], "linking": [], "id": 36}, {"box": [430, 129, 440, 138], "text": "to", "label": "OTHER", "words": [{"box": [430, 129, 440, 138], "text": "to"}], "linking": [], "id": 37}, {"box": [443, 129, 459, 138], "text": "the", "label": "OTHER", "words": [{"box": [443, 129, 459, 138], "text": "the"}], "linking": [], "id": 38}, {"box": [462, 129, 485, 141], "text": "drug", "label": "OTHER", "words": [{"box": [462, 129, 485, 141], "text": "drug"}], "linking": [], "id": 39}, {"box": [488, 129, 514, 138], "text": "class", "label": "OTHER", "words": [{"box": [488, 129, 514, 138], "text": "class"}], "linking": [], "id": 40}, {"box": [18, 147, 178, 160], "text": "upper respiratory combinations.", "label": "DRUGCLASS", "words": [{"box": [18, 150, 48, 159], "text": "upper"}, {"box": [51, 147, 105, 160], "text": "respiratory"}, {"box": [108, 147, 178, 157], "text": "combinations."}], "linking": [], "id": 41}, {"box": [182, 147, 471, 160], "text": "FDA has not classified the drug for risk during pregnancy.", "label": "PREGNANCYCONTROL", "words": [{"box": [182, 147, 205, 157], "text": "FDA"}, {"box": [207, 147, 226, 157], "text": "has"}, {"box": [229, 148, 245, 158], "text": "not"}, {"box": [248, 147, 295, 157], "text": "classified"}, {"box": [297, 148, 314, 157], "text": "the"}, {"box": [317, 148, 340, 160], "text": "drug"}, {"box": [343, 147, 357, 157], "text": "for"}, {"box": [360, 148, 378, 157], "text": "risk"}, {"box": [381, 148, 412, 160], "text": "during"}, {"box": [416, 149, 471, 160], "text": "pregnancy."}], "linking": [], "id": 42}, {"box": [15, 165, 270, 178], "text": "Acetaminophen/dextromethorphan/phenylephrine", "label": "DRUGNAME", "words": [{"box": [15, 165, 270, 178], "text": "Acetaminophen/dextromethorphan/phenylephrine"}], "linking": [[24, 43, "DRUGNAME"]], "id": 43}, {"box": [272, 164, 386, 178], "text": "325 mg/10 mg / 5 mg", "label": "STRENGTH", "words": [{"box": [272, 166, 291, 175], "text": "325"}, {"box": [294, 165, 332, 178], "text": "mg/10"}, {"box": [336, 168, 351, 178], "text": "mg"}, {"box": [354, 164, 358, 176], "text": "/"}, {"box": [361, 166, 367, 175], "text": "5"}, {"box": [370, 168, 386, 178], "text": "mg"}], "linking": [[18, 44, "STRENGTH"]], "id": 44}, {"box": [390, 166, 398, 175], "text": "is", "label": "OTHER", "words": [{"box": [390, 166, 398, 175], "text": "is"}], "linking": [], "id": 45}, {"box": [401, 166, 417, 175], "text": "not", "label": "OTHER", "words": [{"box": [401, 166, 417, 175], "text": "not"}], "linking": [], "id": 46}, {"box": [420, 168, 427, 175], "text": "a", "label": "OTHER", "words": [{"box": [420, 168, 427, 175], "text": "a"}], "linking": [], "id": 47}, {"box": [19, 166, 534, 196], "text": "controlled substance\nunder the Controlled Substances Act (CSA).", "label": "CSA", "words": [{"box": [429, 166, 479, 175], "text": "controlled"}, {"box": [482, 166, 534, 175], "text": "substance"}, {"box": [19, 184, 48, 193], "text": "under"}, {"box": [51, 184, 67, 193], "text": "the"}, {"box": [70, 184, 122, 193], "text": "Controlled"}, {"box": [126, 184, 185, 193], "text": "Substances"}, {"box": [187, 184, 205, 193], "text": "Act"}, {"box": [207, 183, 240, 196], "text": "(CSA)."}], "linking": [], "id": 48}, {"box": [19, 213, 70, 228], "text": "Images", "label": "OTHER", "words": [{"box": [19, 213, 70, 228], "text": "Images"}], "linking": [], "id": 49}, {"box": [74, 213, 95, 225], "text": "for", "label": "OTHER", "words": [{"box": [74, 213, 95, 225], "text": "for"}], "linking": [], "id": 50}, {"box": [99, 213, 130, 225], "text": "RPD", "label": "IMPRINT", "words": [{"box": [99, 213, 130, 225], "text": "RPD"}], "linking": [[0, 51, "IMPRINT"]], "id": 51}, {"box": [41, 284, 56, 294], "text": "No", "label": "OTHER", "words": [{"box": [41, 284, 56, 294], "text": "No"}], "linking": [], "id": 52}, {"box": [58, 284, 88, 296], "text": "Image", "label": "OTHER", "words": [{"box": [58, 284, 88, 296], "text": "Image"}], "linking": [], "id": 53}, {"box": [90, 284, 136, 294], "text": "Available", "label": "OTHER", "words": [{"box": [90, 284, 136, 294], "text": "Available"}], "linking": [], "id": 54}]}]