[{"documentName": "Acitretin_3657.png", "document": "TEVA 1135 Pill - green & white capsule-shape\nPill with imprint TEVA 1135 is Green & White, Capsule-shape and has been identified as Acitretin 10\nmg. It is supplied by Teva Pharmaceuticals USA Inc.\nAcitretin is used in the treatment of Psoriasis and belongs to the drug class antipsoriatics. Not for use in\npregnancy. Acitretin 10 mg is not a controlled substance under the Controlled Substances Act (CSA).\nImages for TEVA 1135\nTEVA\n1135\nTEVA\n1135\nTEVA\n1135\n1125\n", "form": [{"box": [9, 12, 113, 29], "text": "TEVA 1135", "label": "IMPRINT", "words": [{"box": [9, 12, 64, 29], "text": "TEVA"}, {"box": [69, 12, 113, 28], "text": "1135"}], "linking": [[0, 10, "IMPRINT"]], "id": 0}, {"box": [119, 12, 149, 29], "text": "Pill", "label": "PILL", "words": [{"box": [119, 12, 149, 29], "text": "Pill"}], "linking": [[1, 7, "PILL"]], "id": 1}, {"box": [155, 20, 162, 24], "text": "-", "label": "OTHER", "words": [{"box": [155, 20, 162, 24], "text": "-"}], "linking": [], "id": 2}, {"box": [167, 15, 223, 33], "text": "green", "label": "COLOR", "words": [{"box": [167, 15, 223, 33], "text": "green"}], "linking": [[12, 3, "COLOR"]], "id": 3}, {"box": [229, 12, 244, 29], "text": "&", "label": "OTHER", "words": [{"box": [229, 12, 244, 29], "text": "&"}], "linking": [], "id": 4}, {"box": [248, 12, 302, 29], "text": "white", "label": "COLOR", "words": [{"box": [248, 12, 302, 29], "text": "white"}], "linking": [[5, 14, "COLOR"]], "id": 5}, {"box": [307, 12, 450, 33], "text": "capsule-shape", "label": "SHAPE", "words": [{"box": [307, 12, 450, 33], "text": "capsule-shape"}], "linking": [[6, 15, "SHAPE"]], "id": 6}, {"box": [10, 45, 25, 54], "text": "Pill", "label": "PILL", "words": [{"box": [10, 45, 25, 54], "text": "Pill"}], "linking": [[1, 7, "PILL"]], "id": 7}, {"box": [28, 45, 49, 54], "text": "with", "label": "OTHER", "words": [{"box": [28, 45, 49, 54], "text": "with"}], "linking": [], "id": 8}, {"box": [52, 45, 87, 56], "text": "imprint", "label": "OTHER", "words": [{"box": [52, 45, 87, 56], "text": "imprint"}], "linking": [], "id": 9}, {"box": [89, 45, 147, 55], "text": "TEVA 1135", "label": "IMPRINT", "words": [{"box": [89, 45, 119, 54], "text": "TEVA"}, {"box": [122, 45, 147, 55], "text": "1135"}], "linking": [[0, 10, "IMPRINT"]], "id": 10}, {"box": [149, 45, 158, 54], "text": "is", "label": "OTHER", "words": [{"box": [149, 45, 158, 54], "text": "is"}], "linking": [], "id": 11}, {"box": [161, 45, 193, 54], "text": "Green", "label": "COLOR", "words": [{"box": [161, 45, 193, 54], "text": "Green"}], "linking": [[12, 3, "COLOR"]], "id": 12}, {"box": [195, 45, 204, 54], "text": "&", "label": "OTHER", "words": [{"box": [195, 45, 204, 54], "text": "&"}], "linking": [], "id": 13}, {"box": [206, 45, 239, 56], "text": "White,", "label": "COLOR", "words": [{"box": [206, 45, 239, 56], "text": "White,"}], "linking": [[5, 14, "COLOR"]], "id": 14}, {"box": [242, 45, 319, 57], "text": "Capsule-shape", "label": "SHAPE", "words": [{"box": [242, 45, 319, 57], "text": "Capsule-shape"}], "linking": [[6, 15, "SHAPE"]], "id": 15}, {"box": [322, 45, 341, 54], "text": "and", "label": "OTHER", "words": [{"box": [322, 45, 341, 54], "text": "and"}], "linking": [], "id": 16}, {"box": [344, 45, 363, 54], "text": "has", "label": "OTHER", "words": [{"box": [344, 45, 363, 54], "text": "has"}], "linking": [], "id": 17}, {"box": [366, 45, 392, 54], "text": "been", "label": "OTHER", "words": [{"box": [366, 45, 392, 54], "text": "been"}], "linking": [], "id": 18}, {"box": [394, 45, 440, 54], "text": "identified", "label": "OTHER", "words": [{"box": [394, 45, 440, 54], "text": "identified"}], "linking": [], "id": 19}, {"box": [443, 47, 456, 54], "text": "as", "label": "OTHER", "words": [{"box": [443, 47, 456, 54], "text": "as"}], "linking": [], "id": 20}, {"box": [458, 45, 499, 54], "text": "Acitretin", "label": "DRUGNAME", "words": [{"box": [458, 45, 499, 54], "text": "Acitretin"}], "linking": [[21, 28, "DRUGNAME"]], "id": 21}, {"box": [10, 45, 516, 74], "text": "10\nmg.", "label": "STRENGTH", "words": [{"box": [504, 45, 516, 54], "text": "10"}, {"box": [10, 64, 29, 74], "text": "mg."}], "linking": [[22, 44, "STRENGTH"]], "id": 22}, {"box": [32, 62, 39, 71], "text": "It", "label": "OTHER", "words": [{"box": [32, 62, 39, 71], "text": "It"}], "linking": [], "id": 23}, {"box": [41, 62, 50, 71], "text": "is", "label": "OTHER", "words": [{"box": [41, 62, 50, 71], "text": "is"}], "linking": [], "id": 24}, {"box": [53, 62, 96, 74], "text": "supplied", "label": "OTHER", "words": [{"box": [53, 62, 96, 74], "text": "supplied"}], "linking": [], "id": 25}, {"box": [99, 62, 111, 74], "text": "by", "label": "OTHER", "words": [{"box": [99, 62, 111, 74], "text": "by"}], "linking": [], "id": 26}, {"box": [114, 62, 273, 72], "text": "Teva Pharmaceuticals USA Inc.", "label": "SUPPLIER", "words": [{"box": [114, 62, 138, 72], "text": "Teva"}, {"box": [141, 62, 226, 72], "text": "Pharmaceuticals"}, {"box": [229, 62, 252, 71], "text": "USA"}, {"box": [255, 62, 273, 72], "text": "Inc."}], "linking": [], "id": 27}, {"box": [9, 92, 51, 103], "text": "Acitretin", "label": "DRUGNAME", "words": [{"box": [9, 92, 51, 103], "text": "Acitretin"}], "linking": [[21, 28, "DRUGNAME"], [28, 43, "DRUGNAME"]], "id": 28}, {"box": [54, 93, 62, 102], "text": "is", "label": "OTHER", "words": [{"box": [54, 93, 62, 102], "text": "is"}], "linking": [], "id": 29}, {"box": [65, 93, 91, 102], "text": "used", "label": "OTHER", "words": [{"box": [65, 93, 91, 102], "text": "used"}], "linking": [], "id": 30}, {"box": [93, 93, 103, 102], "text": "in", "label": "OTHER", "words": [{"box": [93, 93, 103, 102], "text": "in"}], "linking": [], "id": 31}, {"box": [105, 93, 121, 102], "text": "the", "label": "OTHER", "words": [{"box": [105, 93, 121, 102], "text": "the"}], "linking": [], "id": 32}, {"box": [124, 93, 174, 103], "text": "treatment", "label": "OTHER", "words": [{"box": [124, 93, 174, 103], "text": "treatment"}], "linking": [], "id": 33}, {"box": [176, 92, 235, 103], "text": "of Psoriasis", "label": "TREATMENTS", "words": [{"box": [176, 92, 187, 102], "text": "of"}, {"box": [189, 93, 235, 103], "text": "Psoriasis"}], "linking": [], "id": 34}, {"box": [238, 93, 258, 102], "text": "and", "label": "OTHER", "words": [{"box": [238, 93, 258, 102], "text": "and"}], "linking": [], "id": 35}, {"box": [261, 93, 301, 105], "text": "belongs", "label": "OTHER", "words": [{"box": [261, 93, 301, 105], "text": "belongs"}], "linking": [], "id": 36}, {"box": [303, 93, 314, 103], "text": "to", "label": "OTHER", "words": [{"box": [303, 93, 314, 103], "text": "to"}], "linking": [], "id": 37}, {"box": [316, 93, 332, 102], "text": "the", "label": "OTHER", "words": [{"box": [316, 93, 332, 102], "text": "the"}], "linking": [], "id": 38}, {"box": [336, 93, 358, 105], "text": "drug", "label": "OTHER", "words": [{"box": [336, 93, 358, 105], "text": "drug"}], "linking": [], "id": 39}, {"box": [362, 93, 388, 103], "text": "class", "label": "OTHER", "words": [{"box": [362, 93, 388, 103], "text": "class"}], "linking": [], "id": 40}, {"box": [391, 93, 461, 105], "text": "antipsoriatics.", "label": "DRUGCLASS", "words": [{"box": [391, 93, 461, 105], "text": "antipsoriatics."}], "linking": [], "id": 41}, {"box": [9, 93, 532, 123], "text": "Not for use in\npregnancy.", "label": "PREGNANCYCONTROL", "words": [{"box": [464, 93, 483, 102], "text": "Not"}, {"box": [485, 93, 499, 102], "text": "for"}, {"box": [501, 95, 520, 102], "text": "use"}, {"box": [523, 93, 532, 102], "text": "in"}, {"box": [9, 113, 65, 123], "text": "pregnancy."}], "linking": [], "id": 42}, {"box": [68, 111, 110, 121], "text": "Acitretin", "label": "DRUGNAME", "words": [{"box": [68, 111, 110, 121], "text": "Acitretin"}], "linking": [[28, 43, "DRUGNAME"]], "id": 43}, {"box": [113, 111, 144, 123], "text": "10 mg", "label": "STRENGTH", "words": [{"box": [113, 111, 125, 120], "text": "10"}, {"box": [128, 113, 144, 123], "text": "mg"}], "linking": [[22, 44, "STRENGTH"]], "id": 44}, {"box": [147, 111, 156, 120], "text": "is", "label": "OTHER", "words": [{"box": [147, 111, 156, 120], "text": "is"}], "linking": [], "id": 45}, {"box": [159, 111, 175, 120], "text": "not", "label": "OTHER", "words": [{"box": [159, 111, 175, 120], "text": "not"}], "linking": [], "id": 46}, {"box": [177, 113, 184, 120], "text": "a", "label": "OTHER", "words": [{"box": [177, 113, 184, 120], "text": "a"}], "linking": [], "id": 47}, {"box": [187, 110, 518, 122], "text": "controlled substance under the Controlled Substances Act (CSA).", "label": "CSA", "words": [{"box": [187, 111, 237, 121], "text": "controlled"}, {"box": [240, 111, 292, 121], "text": "substance"}, {"box": [295, 111, 325, 121], "text": "under"}, {"box": [327, 111, 344, 120], "text": "the"}, {"box": [347, 110, 399, 120], "text": "Controlled"}, {"box": [402, 110, 462, 121], "text": "Substances"}, {"box": [464, 111, 482, 120], "text": "Act"}, {"box": [485, 111, 518, 122], "text": "(CSA)."}], "linking": [], "id": 48}, {"box": [10, 140, 61, 156], "text": "Images", "label": "OTHER", "words": [{"box": [10, 140, 61, 156], "text": "Images"}], "linking": [], "id": 49}, {"box": [65, 140, 86, 152], "text": "for", "label": "OTHER", "words": [{"box": [65, 140, 86, 152], "text": "for"}], "linking": [], "id": 50}, {"box": [89, 140, 165, 153], "text": "TEVA 1135", "label": "IMPRINT", "words": [{"box": [89, 140, 129, 153], "text": "TEVA"}, {"box": [132, 140, 165, 152], "text": "1135"}], "linking": [[51, 52, "IMPRINT"]], "id": 51}, {"box": [36, 190, 100, 199], "text": "TEVA\n1135", "label": "IMPRINT", "words": [{"box": [36, 190, 61, 198], "text": "TEVA"}, {"box": [78, 191, 100, 199], "text": "1135"}], "linking": [[51, 52, "IMPRINT"]], "id": 52}, {"box": [161, 190, 226, 199], "text": "TEVA\n1135", "label": "IMPRINT", "words": [{"box": [161, 190, 186, 198], "text": "TEVA"}, {"box": [204, 191, 226, 199], "text": "1135"}], "linking": [[53, 54, "IMPRINT"]], "id": 53}, {"box": [286, 194, 344, 203], "text": "TEVA\n1135", "label": "IMPRINT", "words": [{"box": [286, 195, 308, 203], "text": "TEVA"}, {"box": [323, 194, 344, 202], "text": "1135"}], "linking": [[53, 54, "IMPRINT"]], "id": 54}, {"box": [432, 198, 445, 203], "text": "1125", "label": "OTHER", "words": [{"box": [432, 198, 445, 203], "text": "1125"}], "linking": [], "id": 55}]}]